{
 "best": {
  "l2": {
   "best_acc": 0.9355,
   "lr": 0.001,
   "wd": 1e-05
  },
  "w": {
   "best_acc": 0.942,
   "lr": 0.01,
   "wd": 0.1
  },
  "wh": {
   "best_acc": 0.9373,
   "lr": 0.001,
   "wd": 0.0001
  }
 },
 "decoupling": {
  "l2": {
   "argmax_lr_per_wd": [
    "0.001",
    "0.001",
    "0.0003",
    "0.0003",
    "0.0001",
    "0.0001"
   ],
   "std_log10_lr_opt": 0.4083907271190184
  },
  "w": {
   "argmax_lr_per_wd": [
    "0.003",
    "0.01",
    "0.001",
    "0.01",
    "0.01",
    "0.001"
   ],
   "std_log10_lr_opt": 0.44955212064059286
  },
  "wh": {
   "argmax_lr_per_wd": [
    "0.003",
    "0.001",
    "0.0003",
    "0.0001",
    "0.0001",
    "0.0001"
   ],
   "std_log10_lr_opt": 0.5708094290012107
  }
 },
 "acc_grid": {
  "l2": [
   [
    0.8822,
    0.885,
    0.8932,
    0.9235,
    0.9339,
    0.8238
   ],
   [
    0.9205,
    0.9243,
    0.9291,
    0.9291,
    0.8891,
    0.4091
   ],
   [
    0.9355,
    0.9336,
    0.9274,
    0.9012,
    0.4849,
    0.3215
   ],
   [
    0.9348,
    0.9314,
    0.9056,
    0.8184,
    0.2622,
    0.2259
   ],
   [
    0.9325,
    0.9067,
    0.8255,
    0.6652,
    0.1969,
    0.1648
   ]
  ],
  "w": [
   [
    0.8808,
    0.883,
    0.8802,
    0.8839,
    0.8819,
    0.9038
   ],
   [
    0.9196,
    0.9207,
    0.9184,
    0.9231,
    0.9248,
    0.9385
   ],
   [
    0.9314,
    0.9318,
    0.9377,
    0.934,
    0.9358,
    0.9396
   ],
   [
    0.9384,
    0.9354,
    0.9356,
    0.9368,
    0.9409,
    0.907
   ],
   [
    0.9367,
    0.9376,
    0.9365,
    0.9381,
    0.942,
    0.8019
   ]
  ],
  "wh": [
   [
    0.8809,
    0.8845,
    0.8964,
    0.9185,
    0.8461,
    0.138
   ],
   [
    0.9223,
    0.9251,
    0.9305,
    0.8771,
    0.6447,
    0.1
   ],
   [
    0.9356,
    0.9373,
    0.9279,
    0.7518,
    0.3827,
    0.1
   ],
   [
    0.9366,
    0.9303,
    0.9047,
    0.557,
    0.2706,
    0.1
   ],
   [
    0.9339,
    0.8734,
    0.6242,
    0.4011,
    0.1,
    0.1
   ]
  ]
 }
}