{
 "table": {
  "resnet18|l2": [
   73.5,
   0.2668332812825221
  ],
  "resnet18|sgd": [
   76.822,
   0.2338161671056979
  ],
  "resnet18|w": [
   75.33399999999999,
   0.3493279261668029
  ],
  "resnet18|wh": [
   73.262,
   0.27371518043396825
  ],
  "vit|l2": [
   58.217999999999996,
   0.4840661111873066
  ],
  "vit|sgd": [
   64.126,
   0.5687969760819737
  ],
  "vit|w": [
   64.45600000000002,
   0.29279685790663784
  ],
  "vit|wh": [
   15.683999999999997,
   1.754915952403418
  ]
 },
 "slices": {
  "resnet18|l2": {
   "2.5": 37.85,
   "2.0": 44.87,
   "1.5": 52.339999999999996,
   "1.0": 61.12
  },
  "resnet18|sgd": {
   "2.5": 30.009999999999998,
   "2.0": 36.8,
   "1.5": 49.24,
   "1.0": 62.77
  },
  "resnet18|w": {
   "2.5": 32.84,
   "2.0": 40.43,
   "1.5": 53.33,
   "1.0": 61.27
  },
  "resnet18|wh": {
   "2.5": 35.75,
   "2.0": 45.019999999999996,
   "1.5": 53.32,
   "1.0": 60.58
  },
  "vit|l2": {
   "3.0": 40.739999999999995,
   "2.5": 52.25,
   "2.0": null
  },
  "vit|sgd": {
   "3.0": 40.02,
   "2.5": 50.8,
   "2.0": 59.160000000000004
  },
  "vit|w": {
   "3.0": 41.38,
   "2.5": 51.01,
   "2.0": 57.93000000000001
  },
  "vit|wh": {
   "3.0": null,
   "2.5": null,
   "2.0": null
  }
 }
}