{"train_loss": [4.258147968390049, 3.565532082777757, 3.0980789319062843, 2.7248014737398196, 2.459077462171897, 2.273346359301836, 2.171005565997882, 2.0941443171256626, 2.0393545031547546, 1.9842306011762374, 1.946138494137006, 1.9109168703739459, 1.8824423120572016, 1.858129790501717, 1.8238477676342695, 1.79731693818019, 1.7842597145300645, 1.7603882462550433, 1.7348280570445918, 1.7223163940967658, 1.6968845737286102, 1.6694824365469125, 1.6533765667524094, 1.6379699927109939, 1.6070214146222823, 1.5840504325353182, 1.5595918728755072, 1.5338926792144776, 1.5074225499079779, 1.4699665488340916, 1.4432298571635516, 1.4125018135095253, 1.3782494074259048, 1.3518337133603218, 1.3131752014160156, 1.2873500989033626, 1.2332665056754382, 1.1930846565809006, 1.164845088047859, 1.1136360116494008, 1.0702381697984842, 1.0325179176452832, 0.9732978033713805, 0.9200504961686257, 0.8716397722562154, 0.7999783280568246, 0.7506843718198629, 0.6824601288025196, 0.620336667696635, 0.5536180461828525, 0.47891252988424055, 0.41203413131909494, 0.34940533412572666, 0.29695468441798134, 0.25244135440160065, 0.2193291737101017, 0.19756372907222847, 0.18119682367795553, 0.17629163463910422, 0.1707516312599182], "test_acc": [0.1125, 0.1682, 0.2547, 0.2717, 0.3062, 0.2013, 0.3651, 0.3634, 0.3877, 0.3405, 0.354, 0.3842, 0.3862, 0.3857, 0.4132, 0.3907, 0.394, 0.4342, 0.4227, 0.4966, 0.4307, 0.4136, 0.4481, 0.3827, 0.4576, 0.4884, 0.4927, 0.4887, 0.4853, 0.5302, 0.4803, 0.5089, 0.5308, 0.5552, 0.5283, 0.5725, 0.534, 0.5716, 0.6099, 0.6173, 0.6121, 0.6169, 0.6277, 0.6318, 0.6703, 0.6644, 0.6492, 0.6858, 0.6936, 0.7148, 0.7312, 0.7397, 0.7526, 0.7577, 0.7641, 0.7695, 0.7716, 0.7703, 0.7716, 0.7719], "diag": {}, "lr": 0.03, "wd": 0.005, "mode": "sgd", "seed": 4, "epochs": 60, "beta2": 0.999, "sched": "cosine", "dataset": "cifar100", "model": "resnet18", "best_acc": 0.7719, "final_acc": 0.7719, "wall_s": 367.0268793106079}