{"train_loss": [4.07617609562018, 3.35136689161643, 2.941488896883451, 2.825204172501197, 2.8148992189994226, 2.8150226562451093, 2.795446341465681, 2.7875915985841018, 2.782035020681528, 2.7823970990303235, 2.7796017817961864, 2.7611084846349865, 2.756702884649619, 2.7420522946577806, 2.749662300867912, 2.710665260217129, 2.7151534924140344, 2.7127557736176713, 2.6908195880743175, 2.677707216067192, 2.6633100130619147, 2.6328532646863887, 2.6130925961029834, 2.5962764544364734, 2.57391036045857, 2.542336641213833, 2.522454327192062, 2.4978465526531903, 2.4703708037351952, 2.447352523070115, 2.4127852519353232, 2.37580685646106, 2.3377962818512548, 2.3048619612669334, 2.2651741477159355, 2.2314944071647447, 2.178678341400929, 2.1445452445592634, 2.1053826313752393, 2.0491361566078967, 2.0052678597279083, 1.9549994704050895, 1.9000781374099927, 1.8529815520995703, 1.7916712681452434, 1.739413113777454, 1.6832090662075923, 1.6208162277172773, 1.5528564642637204, 1.4866214119471037, 1.4176507763373547, 1.3414559060182327, 1.256867700203871, 1.179176213955268, 1.0924045941768548, 1.0205383899884346, 0.9490922726117648, 0.888891597588857, 0.855173772573471, 0.8308058333702576], "test_acc": [0.1243, 0.168, 0.194, 0.1701, 0.2041, 0.1262, 0.1469, 0.1238, 0.1987, 0.1803, 0.1568, 0.1176, 0.1386, 0.1749, 0.1682, 0.1817, 0.1627, 0.1631, 0.2126, 0.1689, 0.2383, 0.2152, 0.1706, 0.2378, 0.2299, 0.1929, 0.186, 0.2514, 0.2379, 0.2087, 0.2822, 0.3165, 0.2082, 0.306, 0.1946, 0.2711, 0.3158, 0.3042, 0.3173, 0.3603, 0.2941, 0.3295, 0.3587, 0.4188, 0.4137, 0.4747, 0.4833, 0.516, 0.5523, 0.549, 0.5662, 0.5814, 0.6022, 0.6291, 0.6386, 0.6647, 0.678, 0.6836, 0.6879, 0.6884], "diag": {}, "lr": 0.1, "wd": 0.005, "mode": "sgd", "seed": 0, "epochs": 60, "beta2": 0.999, "sched": "cosine", "dataset": "cifar100", "model": "resnet18", "best_acc": 0.6884, "final_acc": 0.6884, "wall_s": 393.6672692298889}