{"train_loss": [4.002494003833869, 3.4822281152774126, 3.4138857156802445, 3.5048541435828575, 3.696662154564491, 3.824549420674642, 3.872322522676908, 3.8875948588053384, 3.921731264163286, 3.940310375507061, 3.946794798435309, 3.9399434798803084, 3.9369828590979945, 3.9329890691317044, 3.948222458668244, 3.944645240979317, 3.935783567184057, 3.9340678092760917, 3.9658540774614384, 3.9441427670992337, 3.9198672759227264, 3.90041801746075, 3.891900277749086, 3.8998668572841546, 3.885264489589593, 3.8553883381378955, 3.8580462920360077, 3.839434648171449, 3.818948726164989, 3.8095392716236605, 3.7964398017296426, 3.7795946170122194, 3.7562993318606646, 3.7339641668857673, 3.7995951041197165, 3.8683084928072415, 3.7946875449938653, 3.753340618426983, 3.7235752888214892, 3.677071801210061, 3.657159678141276, 3.6072244888696914, 3.5853586832682294, 3.548650228060209, 3.5195550478421724, 3.4904984694260817, 3.454529625330216, 3.4120025683672, 3.372659296867175, 3.336870254614414, 3.296019505231808, 3.2591709088056517, 3.2152519764044345, 3.177440247168908, 3.1291994901803823, 3.0823252555651544, 3.0435542375613482, 3.0045213234730257, 2.9715170053335336, 2.9523525164677547], "test_acc": [0.07, 0.1085, 0.0744, 0.0561, 0.0588, 0.0169, 0.0199, 0.0287, 0.0472, 0.0113, 0.028, 0.0248, 0.035, 0.0313, 0.0306, 0.0296, 0.0303, 0.0581, 0.0241, 0.0257, 0.0471, 0.0587, 0.0534, 0.0321, 0.0588, 0.0573, 0.0583, 0.0777, 0.0554, 0.0515, 0.046, 0.0662, 0.0354, 0.0756, 0.044, 0.0331, 0.0587, 0.1111, 0.0504, 0.0831, 0.1222, 0.0688, 0.099, 0.1169, 0.1231, 0.1344, 0.1258, 0.1059, 0.129, 0.164, 0.1483, 0.193, 0.1922, 0.192, 0.2153, 0.2367, 0.253, 0.2638, 0.2695, 0.2693], "diag": {}, "lr": 0.3, "wd": 0.005, "mode": "sgd", "seed": 0, "epochs": 60, "beta2": 0.999, "sched": "cosine", "dataset": "cifar100", "model": "resnet18", "best_acc": 0.2695, "final_acc": 0.2693, "wall_s": 362.15034198760986}