{"train_loss": [4.072735302264874, 3.3309719336338532, 2.7565256962409386, 2.3096069800548062, 2.0356248317620693, 1.8292701421639859, 1.6756234957621647, 1.5701234441537124, 1.504380663541647, 1.4408179998397828, 1.3957150899446928, 1.3451763776632455, 1.3094849907434905, 1.2689975107327485, 1.243139703762837, 1.2081091558321928, 1.1763120255409143, 1.1509616289383326, 1.1132958474831702, 1.0947134121870383, 1.069558704357881, 1.0357692528993656, 1.0056116172900567, 0.9758514083348788, 0.9513969908922146, 0.9213110885558984, 0.8853276495750134, 0.8537257226613851, 0.8345217538185609, 0.7854513694078494, 0.7464168087030069, 0.7183556984632443, 0.6758612625109843, 0.6451947369636634, 0.6042094784669387, 0.5569998084734648, 0.5089414483461625, 0.4678796486976819, 0.424476148111698, 0.376815398534139, 0.32672018420237764, 0.28017894690617534, 0.23977831701437632, 0.18283457316649265, 0.14222276132458295, 0.1098111225817448, 0.08332728904027205, 0.06317937083016985, 0.0483111864528977, 0.037424894641989316, 0.031158437333905543, 0.026704225865885233, 0.02326203568910177, 0.021625112754125625, 0.019852606816074023, 0.017432382225226133, 0.01794970361993481, 0.01711260136933281, 0.017473575768944545, 0.01666677648631426], "test_acc": [0.1484, 0.1834, 0.268, 0.3531, 0.3665, 0.4017, 0.4989, 0.4948, 0.514, 0.5436, 0.5225, 0.5631, 0.4426, 0.5499, 0.5469, 0.5216, 0.5611, 0.5441, 0.5738, 0.5714, 0.5583, 0.5937, 0.5946, 0.6081, 0.571, 0.5946, 0.5844, 0.6227, 0.6123, 0.625, 0.6464, 0.6458, 0.6354, 0.6446, 0.6522, 0.6505, 0.6732, 0.6517, 0.676, 0.6737, 0.6915, 0.703, 0.715, 0.7198, 0.7344, 0.7318, 0.7401, 0.7459, 0.7532, 0.7571, 0.7588, 0.7602, 0.76, 0.7623, 0.7636, 0.7644, 0.7639, 0.7645, 0.7646, 0.7638], "diag": {}, "lr": 0.1, "wd": 0.0005, "mode": "sgd", "seed": 0, "epochs": 60, "beta2": 0.999, "sched": "cosine", "dataset": "cifar100", "model": "resnet18", "best_acc": 0.7646, "final_acc": 0.7638, "wall_s": 366.97967529296875}