{"train_loss": [3.9884626327416837, 3.2274991585658146, 2.7014648718711656, 2.3599622958745714, 2.242127251625061, 2.1535395564177096, 2.0598405718803408, 1.9999339849520952, 1.9555779481545472, 1.9211364736923804, 1.8984344338759398, 1.8662873977269883, 1.8434666584699582, 1.815052328659938, 1.8117583180085206, 1.7866314988869887, 1.762410569190979, 1.7444835586425587, 1.7203712924932821, 1.701459211263901, 1.6805154794301742, 1.661279704937568, 1.6340725638927558, 1.6131833568597451, 1.585172195923634, 1.566839942565331, 1.530994376463768, 1.4943344489122048, 1.480143532080528, 1.4319455614456764, 1.41284566231263, 1.3698432337015103, 1.339778694128379, 1.2984272209497598, 1.2669981751686488, 1.2174435053116237, 1.1786787144648723, 1.1254015841545202, 1.0882350195676853, 1.0389296436921145, 0.9841409470790472, 0.9289671370616326, 0.8778307972810208, 0.8113993887717907, 0.7494416018327077, 0.6787170615715858, 0.605101726223261, 0.5308782299359639, 0.4484630875862562, 0.37580724049073, 0.29622711340586344, 0.21799003233512243, 0.1598779432857648, 0.11795199003357154, 0.09059385423285839, 0.0707786280518541, 0.06113611494596952, 0.05430940407782029, 0.051140237399018726, 0.05055740687709588], "test_acc": [0.1505, 0.2307, 0.273, 0.3209, 0.2784, 0.3199, 0.3866, 0.3523, 0.371, 0.3916, 0.4308, 0.3643, 0.3403, 0.294, 0.3868, 0.412, 0.399, 0.3818, 0.4325, 0.4359, 0.4528, 0.446, 0.4271, 0.4336, 0.4085, 0.4569, 0.4808, 0.4607, 0.4667, 0.5093, 0.4894, 0.4429, 0.5207, 0.5117, 0.5603, 0.5297, 0.5945, 0.5935, 0.5991, 0.6007, 0.6136, 0.6228, 0.6205, 0.6504, 0.659, 0.6571, 0.6861, 0.6839, 0.6938, 0.71, 0.7239, 0.7337, 0.7465, 0.755, 0.7562, 0.7586, 0.7625, 0.7631, 0.7631, 0.762], "diag": {}, "lr": 0.3, "wd": 0.0005, "mode": "sgd", "seed": 0, "epochs": 60, "beta2": 0.999, "sched": "cosine", "dataset": "cifar100", "model": "resnet18", "best_acc": 0.7631, "final_acc": 0.762, "wall_s": 364.79072165489197}