{"train_loss": [4.270321112412673, 3.5474560279112595, 3.0630322138468427, 2.699953895348769, 2.4208750712565887, 2.2616242170333862, 2.140827169479468, 2.0797395602250712, 2.0222166929489527, 1.9741575192182492, 1.9333717676309439, 1.9036160924495795, 1.8791665315628052, 1.8561875648987598, 1.8235047059181408, 1.8061962225498298, 1.7755967613978263, 1.76635922621458, 1.7487099072872063, 1.7322222926677802, 1.703339812083122, 1.6745061253890012, 1.6609162792181358, 1.6381155738463768, 1.6124319342466502, 1.5898504819625463, 1.5689448919051732, 1.5332178510152377, 1.512863114858285, 1.4835977484018374, 1.446136604822599, 1.4176811918234213, 1.3918650128902532, 1.3561550925939512, 1.3189765486961755, 1.2833820815269763, 1.2497187255284725, 1.1996310762870006, 1.166872757061934, 1.1136111470369192, 1.0772997833215274, 1.024810914045725, 0.975470878680547, 0.9265754964107122, 0.8581562962287511, 0.8099232436754764, 0.7470346920001201, 0.6883884246532733, 0.6212189157039691, 0.5372228076060613, 0.47800589891580436, 0.41147560324424354, 0.35166554382214177, 0.2936295219338857, 0.2527591637693919, 0.2159890523705727, 0.19260028627438422, 0.18055983094068673, 0.17175411841808222, 0.16912121115586695], "test_acc": [0.1099, 0.1767, 0.222, 0.2998, 0.2668, 0.3018, 0.3053, 0.3173, 0.3915, 0.3413, 0.342, 0.3155, 0.3529, 0.3779, 0.3913, 0.4668, 0.4178, 0.3971, 0.3517, 0.4049, 0.3419, 0.4468, 0.4625, 0.4331, 0.4894, 0.4607, 0.5116, 0.5123, 0.4897, 0.4845, 0.4852, 0.5227, 0.5275, 0.532, 0.5411, 0.5536, 0.5748, 0.5428, 0.6059, 0.5851, 0.6106, 0.5978, 0.6359, 0.6356, 0.648, 0.6751, 0.6722, 0.7011, 0.6919, 0.7086, 0.7326, 0.7414, 0.745, 0.7551, 0.7632, 0.7644, 0.7667, 0.7634, 0.7644, 0.7662], "diag": {}, "lr": 0.03, "wd": 0.005, "mode": "sgd", "seed": 2, "epochs": 60, "beta2": 0.999, "sched": "cosine", "dataset": "cifar100", "model": "resnet18", "best_acc": 0.7667, "final_acc": 0.7662, "wall_s": 372.4491853713989}