{"train_loss": [4.077912690089299, 3.325969287065359, 2.7484807081711597, 2.2954329716853605, 1.9821043457740393, 1.7332299253879448, 1.5260207264851302, 1.3705262014499078, 1.2590158317333613, 1.1634972642629575, 1.0772008168391691, 0.9950759282478919, 0.9160341068720206, 0.8625325655325865, 0.8088945197753418, 0.7534364547484961, 0.69772041340669, 0.6559868130928431, 0.5934100649295709, 0.5689045665355829, 0.509352511473191, 0.4739683468754475, 0.4414796178157513, 0.4082474558017193, 0.37425751166465954, 0.33042395619245674, 0.28672461490600537, 0.2622789410253366, 0.23436458317133096, 0.20512608549533745, 0.19048276188281865, 0.15016055156787236, 0.12839944888001834, 0.11404291465878487, 0.08504100978278961, 0.07007873211151515, 0.056901997146316066, 0.04155620358502254, 0.03547948314688909, 0.029841086332901168, 0.02331545614422514, 0.016666662060201932, 0.015513420594521822, 0.013892554071469184, 0.012207976726289742, 0.010788154699959052, 0.010524178998401532, 0.009633105537161613, 0.008328879297448275, 0.008033195288422015, 0.007914184595052248, 0.0073418365266078554, 0.007648895962689167, 0.006757984876346129, 0.007240619816077061, 0.006923826048389459, 0.0067947860592259815, 0.00662713641157517, 0.006702775192948488, 0.006646204735033023], "test_acc": [0.1276, 0.2064, 0.309, 0.3582, 0.4437, 0.4875, 0.5351, 0.5238, 0.5728, 0.596, 0.5676, 0.6115, 0.6185, 0.5828, 0.6184, 0.6188, 0.6278, 0.6306, 0.6272, 0.6358, 0.6394, 0.6319, 0.6514, 0.6624, 0.6673, 0.6586, 0.6762, 0.6747, 0.6579, 0.669, 0.6729, 0.6878, 0.6938, 0.6917, 0.7003, 0.7093, 0.7112, 0.7186, 0.7184, 0.7238, 0.7249, 0.7269, 0.7317, 0.7327, 0.7341, 0.7351, 0.7362, 0.7345, 0.7365, 0.7373, 0.7359, 0.7377, 0.737, 0.7389, 0.7382, 0.7375, 0.7387, 0.7377, 0.7386, 0.7382], "diag": {}, "lr": 0.1, "wd": 0.0001, "mode": "sgd", "seed": 0, "epochs": 60, "beta2": 0.999, "sched": "cosine", "dataset": "cifar100", "model": "resnet18", "best_acc": 0.7389, "final_acc": 0.7382, "wall_s": 364.59402990341187}