{"train_loss": [4.2576600783910505, 3.5492738870474008, 3.0609688703830424, 2.713760382701189, 2.449863575055049, 2.268807460100223, 2.1541248474365626, 2.089091370961605, 2.01761891689056, 1.9822504807741215, 1.9391192848865801, 1.8977237245975396, 1.879628476424095, 1.8569158153656202, 1.8297926517633292, 1.8051658278856522, 1.7918952260261927, 1.7662233392397562, 1.74683609131055, 1.7244003818585323, 1.6875617302381076, 1.673738477168939, 1.651017845288301, 1.630568046753223, 1.6038129595609811, 1.5816044342823519, 1.5610140577340736, 1.5348164763206091, 1.5083353400230408, 1.477952461059277, 1.4499633523134086, 1.4115863142869411, 1.389048389899425, 1.3502307573954264, 1.3237433636799836, 1.2678922732671103, 1.239606529321426, 1.2042980252168118, 1.156452610095342, 1.1118729906204419, 1.0745891046829712, 1.0251722873785556, 0.973252332669038, 0.9135083828216944, 0.866246359470563, 0.8101845158980443, 0.7462735527600998, 0.6815769598270074, 0.6230812610724034, 0.5515993391092007, 0.4835822702218325, 0.41407108012682353, 0.3538963696895501, 0.2936273190455559, 0.25260451902181674, 0.21731403240790734, 0.19531203256203578, 0.18104040974225755, 0.16919110963741937, 0.16865250915288926], "test_acc": [0.0971, 0.1715, 0.2414, 0.292, 0.2958, 0.369, 0.3452, 0.3504, 0.2757, 0.3976, 0.3934, 0.3586, 0.3191, 0.3954, 0.4029, 0.3725, 0.4149, 0.3772, 0.4248, 0.4352, 0.3699, 0.4353, 0.4817, 0.3854, 0.4544, 0.4149, 0.4343, 0.4772, 0.4532, 0.4924, 0.4818, 0.5016, 0.5133, 0.4842, 0.5633, 0.561, 0.5086, 0.5977, 0.6086, 0.5864, 0.5845, 0.6517, 0.6394, 0.6261, 0.6588, 0.6729, 0.6839, 0.6856, 0.6992, 0.6966, 0.7275, 0.7427, 0.7511, 0.7557, 0.7609, 0.7635, 0.7664, 0.7642, 0.766, 0.7642], "diag": {}, "lr": 0.03, "wd": 0.005, "mode": "sgd", "seed": 3, "epochs": 60, "beta2": 0.999, "sched": "cosine", "dataset": "cifar100", "model": "resnet18", "best_acc": 0.7664, "final_acc": 0.7642, "wall_s": 364.5715048313141}