{"train_loss": [3.9848746966093014, 3.2241140756851587, 2.6776535773888615, 2.2409550422277205, 1.97595334144739, 1.75908145965674, 1.5870499286896143, 1.4602921611223465, 1.3716268319350022, 1.2880477672968156, 1.226114400380697, 1.167375066341498, 1.11038898733946, 1.0664885155665569, 1.0230828541975754, 0.9884905899182345, 0.944440137881499, 0.8965399280572549, 0.8702695397230295, 0.8494015522492238, 0.8070190673455214, 0.7633052414044356, 0.7461066938363589, 0.7071505013948832, 0.6770213012511913, 0.6461466355965688, 0.6088285336127648, 0.574350747695336, 0.5408741834071966, 0.5062499124270219, 0.47681742646755315, 0.43602283661946273, 0.40381870781764007, 0.37543869003271446, 0.3314042996901732, 0.29958529881177803, 0.2565035639665066, 0.2314871706068516, 0.19957026096108632, 0.16179697542236401, 0.12808471512144956, 0.09791019999254973, 0.07753401576326444, 0.056837564568297985, 0.038588488292999754, 0.03130649536465987, 0.025273320303322414, 0.018288383800058792, 0.014774679705405082, 0.013428523666105974, 0.011225868704227301, 0.009844078350430116, 0.009664470805094028, 0.009010384012109194, 0.008496510535956193, 0.008152341599074693, 0.008182187844067813, 0.007650164235383272, 0.008018201085714957, 0.007904962794138834], "test_acc": [0.1594, 0.2137, 0.2779, 0.3701, 0.4117, 0.4472, 0.5163, 0.5224, 0.5386, 0.5752, 0.5761, 0.5893, 0.537, 0.5619, 0.5621, 0.5961, 0.5924, 0.5624, 0.6032, 0.6072, 0.6266, 0.6076, 0.6104, 0.5932, 0.6274, 0.6348, 0.638, 0.6579, 0.6492, 0.6598, 0.6645, 0.6743, 0.657, 0.6723, 0.671, 0.6625, 0.6825, 0.6855, 0.6896, 0.7, 0.7115, 0.709, 0.7187, 0.7207, 0.7322, 0.7371, 0.7377, 0.7428, 0.7436, 0.7432, 0.7461, 0.7467, 0.7472, 0.7465, 0.7455, 0.7486, 0.748, 0.7481, 0.7494, 0.7486], "diag": {}, "lr": 0.3, "wd": 0.0001, "mode": "sgd", "seed": 0, "epochs": 60, "beta2": 0.999, "sched": "cosine", "dataset": "cifar100", "model": "resnet18", "best_acc": 0.7494, "final_acc": 0.7486, "wall_s": 375.800968170166}