{"train_loss": [4.272006250039125, 3.574081090780405, 3.08576821852953, 2.7021014048502994, 2.4523530672758054, 2.2799208748034943, 2.176011035686884, 2.0894088256053434, 2.0365690222153296, 1.980427118142446, 1.9432086223211045, 1.9116163455522976, 1.87869022106513, 1.842758581882868, 1.8415576592469827, 1.797276055507171, 1.7912814586590498, 1.7726258892279405, 1.7407257651671386, 1.7246219317118328, 1.7053572073960916, 1.6798076424843227, 1.6560949074916351, 1.6385028588466155, 1.6172976833123427, 1.5946513753670912, 1.5644114133639213, 1.5317220804018852, 1.5186820363387084, 1.481667519838382, 1.4520610726796663, 1.4259703437487283, 1.3910422175358503, 1.3523857501836924, 1.3222622978381622, 1.2782159915337197, 1.2459908864437006, 1.1997936283930755, 1.1669895470142364, 1.1226910695051535, 1.0738586147626241, 1.024351115562977, 0.9751372734705607, 0.9270689175679133, 0.8634340365727743, 0.8114047857431265, 0.757501533245429, 0.687075062134327, 0.6231275241344403, 0.5483776444043869, 0.4791125543606587, 0.41331174274285637, 0.3510183770687152, 0.29798616545322615, 0.2500567158827415, 0.21676922604823723, 0.1958948417351796, 0.17937778929869333, 0.17245090634394913, 0.16701130324449295], "test_acc": [0.1134, 0.1819, 0.2131, 0.2133, 0.3036, 0.3187, 0.3943, 0.3552, 0.3576, 0.379, 0.4109, 0.4274, 0.372, 0.3521, 0.3449, 0.382, 0.4291, 0.3908, 0.4034, 0.4404, 0.4615, 0.4397, 0.4596, 0.4451, 0.4871, 0.4145, 0.4662, 0.4872, 0.4825, 0.494, 0.5177, 0.3675, 0.5461, 0.549, 0.5212, 0.5159, 0.5725, 0.5351, 0.601, 0.5786, 0.5705, 0.6328, 0.6125, 0.6314, 0.6466, 0.6627, 0.6765, 0.6857, 0.7115, 0.7037, 0.7257, 0.7391, 0.7502, 0.7478, 0.7564, 0.7656, 0.766, 0.7665, 0.7653, 0.7669], "diag": {}, "lr": 0.03, "wd": 0.005, "mode": "sgd", "seed": 0, "epochs": 60, "beta2": 0.999, "sched": "cosine", "dataset": "cifar100", "model": "resnet18", "best_acc": 0.7669, "final_acc": 0.7669, "wall_s": 373.145699262619}