{"train_loss": [4.2705785995874646, 3.5672936152189205, 3.0489658190653874, 2.6362732184238924, 2.303596252661485, 2.0012946128845215, 1.7568142087031633, 1.5751085843795385, 1.4422317196161318, 1.3380265448337947, 1.233422044148812, 1.1661760745904384, 1.0827929047437814, 1.0180524781728402, 0.9705203745609675, 0.901885829674892, 0.8516322047282487, 0.8138368405592747, 0.7539726284834055, 0.7171377007013712, 0.6700039642743575, 0.6261080083174583, 0.5973810169941339, 0.5477673126336856, 0.5126965906375494, 0.48294670918048954, 0.44290646796043104, 0.397093574435283, 0.3707843937552892, 0.3330133905777564, 0.29539766651697646, 0.2540335673552293, 0.22665606532723476, 0.19759352354285045, 0.16911818098563414, 0.14037735658960465, 0.11555331108661798, 0.09335314384064614, 0.07692586736610303, 0.06107460712202084, 0.045935115330398846, 0.03784326442923301, 0.03199161545206339, 0.02661070397410255, 0.024328724899066564, 0.020290742611560303, 0.019186074475351818, 0.016858444556307334, 0.01554517932713796, 0.015025834794132373, 0.014370438418327233, 0.013508341022026844, 0.013287124446091744, 0.013168036386084098, 0.012910305510442227, 0.012311519025705564, 0.012650906464132743, 0.01224453769480953, 0.012401812473455301, 0.012224498816216603], "test_acc": [0.1144, 0.1935, 0.2585, 0.3083, 0.386, 0.4275, 0.4839, 0.4795, 0.5273, 0.564, 0.5563, 0.5832, 0.5929, 0.5637, 0.589, 0.5893, 0.6268, 0.6156, 0.6167, 0.6504, 0.5999, 0.6524, 0.6613, 0.6634, 0.6523, 0.6577, 0.6661, 0.6607, 0.6704, 0.6751, 0.6874, 0.6888, 0.6965, 0.6902, 0.6984, 0.7037, 0.7148, 0.7116, 0.7159, 0.7228, 0.736, 0.7345, 0.7373, 0.7433, 0.7406, 0.7448, 0.7457, 0.7462, 0.7485, 0.7502, 0.7504, 0.7501, 0.7521, 0.7493, 0.7507, 0.7507, 0.7502, 0.7495, 0.7503, 0.7508], "diag": {}, "lr": 0.03, "wd": 0.0005, "mode": "sgd", "seed": 0, "epochs": 60, "beta2": 0.999, "sched": "cosine", "dataset": "cifar100", "model": "resnet18", "best_acc": 0.7521, "final_acc": 0.7508, "wall_s": 399.65388917922974}