{"train_loss": [4.266492794721555, 3.5673041080817196, 3.0737069606781007, 2.648125319603162, 2.3048629115789363, 2.00179343743202, 1.7431151980008834, 1.5531032846524164, 1.403919857281905, 1.2922129045694302, 1.1756072030617641, 1.0997801031821812, 1.001282015366432, 0.9253610030198709, 0.8654043118158976, 0.7933129468025305, 0.7267640497439947, 0.6739924190136103, 0.6134354665493353, 0.5687508693872354, 0.5073695803299928, 0.46154910979362634, 0.4186013314204338, 0.37145752303111246, 0.3197896020534711, 0.29302037182526713, 0.2584507779433177, 0.22036579927572839, 0.19003908017124885, 0.1570159919750996, 0.13865275197686294, 0.11819517962061442, 0.09948894107379974, 0.081106939424689, 0.0656714214776189, 0.055759277634131604, 0.04961780155650698, 0.04104018303541801, 0.034021475810844165, 0.030457113547107346, 0.026096049290245924, 0.023248510198810926, 0.021078190613442505, 0.018733148090541364, 0.01746062776312614, 0.016528866480653867, 0.015357812415235317, 0.014364608845267541, 0.013435848272190644, 0.012832329154778749, 0.012583244324494631, 0.012448121289698742, 0.012498041638770165, 0.011833096233506998, 0.011949065162871893, 0.011321678740951495, 0.011628782990364692, 0.01120319738984108, 0.011039258334308098, 0.011212338968060719], "test_acc": [0.1114, 0.1802, 0.2779, 0.2877, 0.3537, 0.4417, 0.5057, 0.5042, 0.5571, 0.5707, 0.5778, 0.5876, 0.6189, 0.6111, 0.6124, 0.6314, 0.6331, 0.6444, 0.6466, 0.622, 0.6439, 0.6508, 0.6677, 0.6721, 0.6553, 0.6767, 0.6797, 0.6844, 0.6916, 0.6941, 0.6984, 0.6997, 0.7021, 0.7075, 0.7095, 0.7126, 0.7137, 0.7159, 0.7176, 0.7195, 0.7158, 0.7226, 0.7231, 0.7215, 0.7239, 0.726, 0.7217, 0.7256, 0.724, 0.7248, 0.7257, 0.7261, 0.727, 0.7277, 0.7264, 0.7256, 0.7269, 0.7269, 0.7258, 0.7265], "diag": {}, "lr": 0.03, "wd": 0.0001, "mode": "sgd", "seed": 0, "epochs": 60, "beta2": 0.999, "sched": "cosine", "dataset": "cifar100", "model": "resnet18", "best_acc": 0.7277, "final_acc": 0.7265, "wall_s": 368.52088809013367}