{"train_loss": [4.2959705254970455, 3.564119338989258, 3.1076705712538497, 2.7180180696340708, 2.4512152690153854, 2.273988518348107, 2.1747315825560154, 2.0847861415300613, 2.0204243442951104, 1.9750639246060298, 1.9388383834789962, 1.9088220315101818, 1.870908157642071, 1.8641112309235792, 1.8247123715205071, 1.8050575510049478, 1.7825096928156339, 1.7601448059082032, 1.7406271925339332, 1.7166875943159445, 1.7085102270811032, 1.6856721055813324, 1.6541340983830966, 1.6345755968338405, 1.609694557923537, 1.5871361597990379, 1.5603557030359905, 1.5365512233514051, 1.506999022532732, 1.4808742575156384, 1.4543186172460898, 1.4161180245570648, 1.3896940170190273, 1.3478723131693326, 1.314778258708807, 1.276656193763782, 1.2367652396361033, 1.2079707426902575, 1.1533344666163126, 1.1123695037303827, 1.0676531793215336, 1.0190764324787336, 0.9709096265144838, 0.9239505958862794, 0.8649064154197008, 0.8052639226118724, 0.742305445823914, 0.6803611176900375, 0.6140887625706501, 0.5461424340040256, 0.47563138550672773, 0.4104227963166359, 0.34854886929194134, 0.2947499208725416, 0.2512382820630685, 0.2158054496997442, 0.19517022394216976, 0.17838711643066163, 0.17250572679898676, 0.1683473002834198], "test_acc": [0.114, 0.1931, 0.2316, 0.2699, 0.3001, 0.3218, 0.3248, 0.358, 0.3303, 0.368, 0.4031, 0.3752, 0.4038, 0.3596, 0.34, 0.3873, 0.3758, 0.3832, 0.4057, 0.4465, 0.408, 0.4687, 0.4199, 0.4672, 0.4763, 0.4766, 0.4524, 0.495, 0.5156, 0.4185, 0.5178, 0.4962, 0.5047, 0.5081, 0.5617, 0.5423, 0.5874, 0.5497, 0.5888, 0.6017, 0.5977, 0.5999, 0.6046, 0.6491, 0.644, 0.6509, 0.6762, 0.6986, 0.6959, 0.7046, 0.7295, 0.7401, 0.7494, 0.7545, 0.7608, 0.762, 0.7675, 0.7672, 0.767, 0.7692], "diag": {}, "lr": 0.03, "wd": 0.005, "mode": "sgd", "seed": 1, "epochs": 60, "beta2": 0.999, "sched": "cosine", "dataset": "cifar100", "model": "resnet18", "best_acc": 0.7692, "final_acc": 0.7692, "wall_s": 392.23817324638367}