{"train_loss": [4.438717104838445, 4.1141924295669945, 3.947741813537402, 3.819733063991253, 3.709689452097966, 3.5858662470793115, 3.4712115990809904, 3.375194476200984, 3.3094335140326083, 3.231557171161358, 3.1777285031783276, 3.1196212193904778, 3.073184252396608, 3.029971893628438, 2.992080387702355, 2.9558797634564913, 2.912018185395461, 2.880860564647577, 2.846821462802398, 2.8130009638957487, 2.780345458250779, 2.7563355788206443, 2.733137528101603, 2.694640835737571, 2.660414100304628, 2.6383552208924903, 2.6100494452011893, 2.5776931261404967, 2.559354348671742, 2.535979953178993, 2.5123680365391268, 2.488315606728578, 2.4731440531901825, 2.4376065682142207, 2.4246403645246457, 2.3919388159727437, 2.3721611689298583, 2.351910501260024, 2.33235920270284, 2.3134847048001412, 2.289326288455572, 2.275387432636359, 2.2565814583729473, 2.2320214757552512, 2.221136023142399, 2.200073095774039, 2.1764786188419047, 2.1550893095823436, 2.138496430714925, 2.1242907038101784, 2.1159587465799774, 2.0837910477931683, 2.0742254110483023, 2.046456594650562, 2.037836523239429, 2.022891473158812, 2.0025189940746015, 1.9899409948251185, 1.9667253002142295, 1.9465805059824235, 1.9316061943005294, 1.9157170741986005, 1.885303542858515, 1.8844692358603845, 1.8618615718988272, 1.8485008120536803, 1.8289629954558153, 1.8136116850070465, 1.7967344369643774, 1.7772077068304404, 1.7510232145969684, 1.7449033831938718, 1.7275599589714636, 1.7141550580660503, 1.6927909930547078, 1.6724309655336234, 1.6590579595321264, 1.6468452447499984, 1.623904705964602, 1.620923686027527, 1.598991166628324, 1.5865449847319186, 1.5691607609773293, 1.5611538073955438, 1.5508509672605075, 1.5366121200414804, 1.5245832874224736, 1.5182234201675806, 1.5000643021021134, 1.4968388346525339, 1.4832549587274209, 1.4847245638187114, 1.4734279091541584, 1.472761480930524, 1.4669610249690521, 1.461508204998114, 1.4617150144699291, 1.4607243910813943, 1.4561559930825845, 1.4518696571007752], "test_acc": [0.0744, 0.1302, 0.1472, 0.1825, 0.2095, 0.2403, 0.2741, 0.3015, 0.3263, 0.3452, 0.3557, 0.3699, 0.3841, 0.3864, 0.4089, 0.4128, 0.4134, 0.4309, 0.4255, 0.4316, 0.4472, 0.4545, 0.4688, 0.4699, 0.4743, 0.4809, 0.492, 0.4923, 0.5112, 0.5065, 0.5008, 0.5171, 0.5193, 0.5218, 0.532, 0.5318, 0.5308, 0.5347, 0.5406, 0.5415, 0.5539, 0.5534, 0.5547, 0.5577, 0.5653, 0.5626, 0.5563, 0.5685, 0.5649, 0.5725, 0.569, 0.5733, 0.5755, 0.5878, 0.5775, 0.5813, 0.5899, 0.5835, 0.592, 0.5946, 0.5903, 0.5921, 0.6009, 0.6047, 0.6046, 0.6083, 0.6082, 0.5985, 0.6067, 0.6086, 0.6102, 0.6196, 0.6108, 0.6164, 0.6119, 0.617, 0.6204, 0.6229, 0.6249, 0.6207, 0.6237, 0.6234, 0.6317, 0.6247, 0.6291, 0.6284, 0.629, 0.6283, 0.6284, 0.6289, 0.6296, 0.6347, 0.6328, 0.6325, 0.633, 0.6323, 0.6317, 0.632, 0.6326, 0.6324], "diag": {}, "lr": 0.03, "wd": 0.0001, "mode": "sgd", "seed": 3, "epochs": 100, "beta2": 0.999, "sched": "cosine", "dataset": "cifar100", "model": "vit", "best_acc": 0.6347, "final_acc": 0.6324, "wall_s": 958.8145704269409}