{"train_loss": [4.434187854864659, 4.147917971855555, 3.9921450621042496, 3.863330592864599, 3.761583113670349, 3.6408907395142776, 3.5281843197651397, 3.41654664125198, 3.3350457387092787, 3.267103900664892, 3.2060943248944405, 3.13896423303164, 3.09495224524767, 3.038049823198563, 3.0010369343635364, 2.968195672524281, 2.9291838988279686, 2.8861270256531544, 2.8563213048837124, 2.8215327446277323, 2.7907486958381456, 2.7539249817530314, 2.7248986531526613, 2.6925560388809595, 2.6674011829571844, 2.633319064287039, 2.6132569753206694, 2.5780925451180874, 2.560909175261473, 2.5392309739039494, 2.505970246363909, 2.4827192422671196, 2.4597570394858335, 2.44568965557294, 2.4179550672188785, 2.392751018817608, 2.372785346324627, 2.3595757252130753, 2.3349150229723024, 2.317387778331072, 2.2933576736694725, 2.279589110154372, 2.2620799370301077, 2.2280143398504992, 2.217746099141928, 2.198341159025828, 2.1905590032919857, 2.1655733994948556, 2.142558221633618, 2.1298656940460203, 2.109024981351999, 2.0941250033867664, 2.0812618099726166, 2.053778604666392, 2.0450274595847495, 2.0317402206934414, 2.0021806830014937, 1.9831521223752926, 1.9717051826990568, 1.9574535262890351, 1.9341417939235002, 1.9116016577451658, 1.8992975757672237, 1.8843940270252717, 1.8612051795690487, 1.8461357147265702, 1.8310812072876173, 1.810469704407912, 1.7908084166355622, 1.7782984834450941, 1.7643289654682843, 1.7452215384214351, 1.7216774387237352, 1.7091834318943513, 1.6943278438005691, 1.6846002184427702, 1.6662310319069105, 1.6503075822805746, 1.6320754317136912, 1.619816539532099, 1.6036338738906077, 1.5914620607327192, 1.5753832107935197, 1.56422709776805, 1.5413441327901987, 1.545319473132109, 1.5269745273467823, 1.5164164069371346, 1.5062377877724475, 1.5060875049004188, 1.4899039121774527, 1.4872179462359503, 1.4839808791111677, 1.472650104913956, 1.4706150929133097, 1.4701377052527207, 1.4608065235309111, 1.4653163185486426, 1.4573991048030364, 1.4641872830879994], "test_acc": [0.0833, 0.1134, 0.1356, 0.1742, 0.1874, 0.2323, 0.267, 0.2786, 0.3062, 0.3347, 0.3433, 0.3609, 0.3708, 0.3867, 0.3919, 0.4117, 0.4181, 0.4174, 0.4338, 0.4356, 0.4456, 0.4621, 0.463, 0.4678, 0.4749, 0.4791, 0.4978, 0.4931, 0.5023, 0.5078, 0.5158, 0.5005, 0.5057, 0.5244, 0.5251, 0.5323, 0.5456, 0.536, 0.5417, 0.5529, 0.5412, 0.5446, 0.5596, 0.5472, 0.5642, 0.558, 0.571, 0.5607, 0.5721, 0.5788, 0.5712, 0.5836, 0.5846, 0.5848, 0.5872, 0.5919, 0.5847, 0.5971, 0.5876, 0.5996, 0.5983, 0.5986, 0.5982, 0.6075, 0.608, 0.6051, 0.6111, 0.6156, 0.6142, 0.6147, 0.6139, 0.6218, 0.619, 0.6199, 0.6191, 0.6276, 0.6215, 0.6249, 0.6284, 0.6226, 0.6282, 0.627, 0.6264, 0.6323, 0.6315, 0.6334, 0.635, 0.6352, 0.6344, 0.6326, 0.6355, 0.6358, 0.6351, 0.6346, 0.6339, 0.6348, 0.6347, 0.6348, 0.6349, 0.6348], "diag": {}, "lr": 0.03, "wd": 0.0001, "mode": "sgd", "seed": 1, "epochs": 100, "beta2": 0.999, "sched": "cosine", "dataset": "cifar100", "model": "vit", "best_acc": 0.6358, "final_acc": 0.6348, "wall_s": 974.057008266449}