{"train_loss": [4.361623030442458, 4.104021955759097, 3.99987270404131, 3.9482566870175875, 3.906899924767323, 3.8857156386742226, 3.848559860694103, 3.8346224369146884, 3.8132197520671745, 3.7978785520944838, 3.787094464668861, 3.7871026454827725, 3.777078145589584, 3.7680834476764384, 3.7668068922483005, 3.7688495030769933, 3.756202246592595, 3.760452358539288, 3.741017347115737, 3.7416212546519745, 3.7442664507107857, 3.7285924948178804, 3.7293117449833795, 3.717266048529209, 3.715043120506482, 3.7090000146474593, 3.7012440773156974, 3.7065179598637115, 3.6937434936181095, 3.6902128690328353, 3.690338649505224, 3.676368550153879, 3.6725849597882, 3.677505310376485, 3.6643676195389183, 3.649096839244549, 3.6513201212271666, 3.634152094523112, 3.645646444345132, 3.638838466008504, 3.6219159841537474, 3.6264244886545036, 3.6043373132363343, 3.5947481454947057, 3.578324882189433, 3.5743226956098506, 3.5705740610758463, 3.5538577269285154, 3.553184546568455, 3.5500206073125202, 3.5278229725666534, 3.5246995919790023, 3.5087726012254374, 3.5012399453383227, 3.49383497543824, 3.492471046325488, 3.484803105623294, 3.480791790668781, 3.4615263339800713, 3.4409840553234785, 3.4341529436600515, 3.4391570274646464, 3.4191652744244307, 3.4102743063217553, 3.389411950111389, 3.3786372527098045, 3.3516246606142093, 3.3421696772942178, 3.323044689496358, 3.2954803625742595, 3.2899591378676587, 3.2809572054789617, 3.264537345446073, 3.241509634409195, 3.2302606478715554, 3.2094750453264287, 3.188285775673695, 3.180904884216113, 3.160005606749119, 3.1421544411243536, 3.126770627192962, 3.104412455436511, 3.099239703325125, 3.0731476276348797, 3.055713228078989, 3.0372416477936963, 3.0176605854278957, 3.0047500151854294, 2.9821553132472896, 2.964587094844916, 2.9453395501161235, 2.93993099408272, 2.9174465442315127, 2.896020907622117, 2.891557163458604, 2.8761583511645976, 2.867220119329599, 2.8613814622927936, 2.855825698070037, 2.850471627406585], "test_acc": [0.0821, 0.1198, 0.1284, 0.1442, 0.1474, 0.1536, 0.1552, 0.1726, 0.1654, 0.1949, 0.1883, 0.1908, 0.191, 0.1807, 0.2021, 0.1952, 0.1869, 0.1982, 0.1994, 0.1847, 0.2181, 0.1988, 0.1949, 0.1993, 0.2105, 0.2156, 0.2204, 0.2265, 0.2207, 0.2233, 0.2062, 0.2177, 0.2308, 0.2215, 0.2291, 0.2211, 0.2423, 0.2233, 0.2314, 0.2231, 0.2277, 0.2443, 0.2469, 0.239, 0.2451, 0.2565, 0.2453, 0.2447, 0.2694, 0.2625, 0.2547, 0.2654, 0.2564, 0.2741, 0.2661, 0.2693, 0.2755, 0.2829, 0.2782, 0.3006, 0.2838, 0.2944, 0.2855, 0.314, 0.3038, 0.2986, 0.3122, 0.3091, 0.3111, 0.3228, 0.333, 0.3256, 0.3299, 0.3419, 0.334, 0.357, 0.3579, 0.3485, 0.3594, 0.3626, 0.3695, 0.3613, 0.3825, 0.3871, 0.3871, 0.3911, 0.3941, 0.4047, 0.4076, 0.4079, 0.4135, 0.4243, 0.4196, 0.4287, 0.4272, 0.4314, 0.4327, 0.4328, 0.4354, 0.4343], "diag": {}, "lr": 0.3, "wd": 0.0005, "mode": "sgd", "seed": 0, "epochs": 100, "beta2": 0.999, "sched": "cosine", "dataset": "cifar100", "model": "vit", "best_acc": 0.4354, "final_acc": 0.4343, "wall_s": 968.8211898803711}