{"train_loss": [4.444011938877595, 4.143466192025405, 3.968199510452075, 3.847414763768514, 3.7547026524176963, 3.6541139296996286, 3.5597922581892747, 3.4909650802612306, 3.4264848764126117, 3.3700630126855313, 3.3286123575308384, 3.296552073038541, 3.259823992313483, 3.2230354021757077, 3.194028123219808, 3.171669220313048, 3.145225938772544, 3.12732231372442, 3.109099519558442, 3.0949630070955325, 3.0765042555637847, 3.048119222200834, 3.038255339402419, 3.0158307491204677, 3.0080140095490675, 2.9817247873697523, 2.9705551447012484, 2.9636232076547087, 2.9372512951875343, 2.928424005630689, 2.912283965257498, 2.8919124737764017, 2.868505297563015, 2.8670186055012237, 2.8571504403383305, 2.8330133609282666, 2.82717922161787, 2.815795379418593, 2.8074255148569742, 2.7935928742090863, 2.7730573158997758, 2.769811780636127, 2.7522706013459426, 2.7505692952718492, 2.731682986479539, 2.7202592537953305, 2.7103699665803176, 2.69108683573894, 2.6939677379070184, 2.6763945512282543, 2.6704962583688587, 2.650697116362743, 2.6451509084457006, 2.6302801199448416, 2.6200773257475634, 2.614700233630645, 2.6011982593780907, 2.591775405101287, 2.582721523138193, 2.559688955086928, 2.5466679212374563, 2.5395304606511044, 2.5390775607182428, 2.5215010105035245, 2.5129121474730662, 2.5024670374699127, 2.491542782538976, 2.476134974528582, 2.4683064552453846, 2.4445677971228577, 2.43966691555121, 2.4345357931577243, 2.4223221136973456, 2.410355147948632, 2.397339804355915, 2.386689989994734, 2.3680530658135046, 2.3551588706481152, 2.3504978387783737, 2.3391825483395503, 2.3279281127147184, 2.317694921982594, 2.309004309849861, 2.2961298814186684, 2.283871776629717, 2.2714004140633803, 2.2598760369496467, 2.255694437332642, 2.245931662351657, 2.238414409221747, 2.232538819618714, 2.228863793458694, 2.219712999233833, 2.2101782508385486, 2.207409993196145, 2.1993969819484613, 2.197206746614896, 2.1963177570929893, 2.1925707639792025, 2.1880871026943893], "test_acc": [0.0701, 0.1227, 0.1407, 0.1734, 0.1959, 0.2247, 0.2387, 0.2729, 0.279, 0.2904, 0.3099, 0.3011, 0.328, 0.3283, 0.3412, 0.3488, 0.3478, 0.3542, 0.3639, 0.3741, 0.3817, 0.3873, 0.3776, 0.377, 0.3884, 0.3897, 0.4069, 0.4125, 0.4015, 0.4211, 0.4259, 0.4316, 0.436, 0.4272, 0.435, 0.4506, 0.443, 0.4373, 0.4486, 0.4411, 0.4466, 0.4476, 0.4566, 0.4678, 0.4641, 0.4796, 0.4697, 0.4678, 0.4747, 0.4728, 0.4713, 0.4821, 0.4734, 0.4936, 0.4888, 0.4827, 0.4839, 0.5016, 0.4943, 0.5061, 0.5098, 0.5064, 0.5045, 0.5221, 0.5142, 0.5182, 0.5256, 0.5182, 0.5214, 0.5294, 0.5272, 0.5312, 0.5292, 0.5362, 0.5349, 0.5392, 0.5432, 0.5407, 0.5472, 0.5538, 0.5563, 0.556, 0.5544, 0.5581, 0.5637, 0.5616, 0.5623, 0.5683, 0.5668, 0.5671, 0.5708, 0.5744, 0.5733, 0.5722, 0.5757, 0.5749, 0.5744, 0.5753, 0.5755, 0.5758], "diag": {}, "lr": 0.03, "wd": 0.0005, "mode": "sgd", "seed": 0, "epochs": 100, "beta2": 0.999, "sched": "cosine", "dataset": "cifar100", "model": "vit", "best_acc": 0.5758, "final_acc": 0.5758, "wall_s": 952.8632652759552}