{"train_loss": [4.3829630546080764, 4.30386657348046, 4.324736009499966, 4.340328310697506, 4.354210523458628, 4.383798742294312, 4.390202028323443, 4.398467733921149, 4.404802713638697, 4.398445078042838, 4.399915653620011, 4.413654357959063, 4.3962293417025835, 4.399514212975135, 4.40462120007246, 4.410999880081568, 4.413360437980065, 4.41444259423476, 4.411685371398926, 4.409706959357629, 4.404853298725226, 4.408001776230641, 4.40451263770079, 4.407714269100091, 4.400512712429731, 4.397605426494891, 4.402034988158788, 4.401160404009697, 4.403176215978769, 4.397267679067759, 4.3992814443050285, 4.389686516003731, 4.393654752388978, 4.398127517944727, 4.389838468111479, 4.3945863002385845, 4.392882740803254, 4.388623134906475, 4.389024289449056, 4.387569650014242, 4.384956758450239, 4.386074505096826, 4.380955617855757, 4.382281863383758, 4.383845052963648, 4.373758693841787, 4.378628021631485, 4.375783895834898, 4.373782347410153, 4.376226822535197, 4.371257081398597, 4.3659368515014645, 4.369988957429544, 4.363925014398037, 4.365324499668219, 4.358991210888593, 4.360165913899739, 4.357632941466111, 4.355286901425092, 4.349081599406707, 4.348502209247687, 4.350720107249725, 4.350177783232469, 4.348213830361, 4.343109924365312, 4.343450884941297, 4.337743620994764, 4.342201064183162, 4.332395850695097, 4.332479798488128, 4.330904443447406, 4.3274268358181684, 4.326596606083405, 4.323164581641173, 4.32323384529505, 4.312680075718807, 4.310738015786195, 4.312079990827121, 4.310087903340658, 4.310617180359669, 4.30374637505947, 4.304596073199541, 4.304775124329787, 4.298948555726271, 4.294241182620709, 4.291871039072673, 4.285525370866824, 4.283772080983871, 4.27559936719063, 4.26931834587684, 4.262894929983677, 4.255102398456671, 4.248170263339311, 4.243275473668025, 4.236106094947228, 4.23348948649871, 4.2304053489978495, 4.221239246466221, 4.217470180682647, 4.216583531942123], "test_acc": [0.0655, 0.0696, 0.0572, 0.0598, 0.0618, 0.0588, 0.0492, 0.0489, 0.0464, 0.0497, 0.0472, 0.0477, 0.0448, 0.048, 0.0511, 0.0493, 0.0424, 0.0415, 0.0507, 0.0446, 0.0469, 0.0489, 0.0459, 0.0468, 0.0507, 0.0443, 0.0543, 0.0463, 0.0488, 0.0595, 0.0583, 0.0543, 0.0497, 0.0421, 0.0566, 0.0489, 0.053, 0.0503, 0.0565, 0.0516, 0.0536, 0.0605, 0.0549, 0.0542, 0.0521, 0.051, 0.044, 0.0562, 0.0535, 0.0424, 0.0548, 0.0548, 0.0493, 0.058, 0.0599, 0.0613, 0.0611, 0.0522, 0.0619, 0.0558, 0.0533, 0.064, 0.064, 0.0634, 0.0556, 0.0539, 0.0668, 0.0625, 0.0536, 0.0595, 0.058, 0.0616, 0.058, 0.0606, 0.0653, 0.0643, 0.0693, 0.0592, 0.065, 0.069, 0.0708, 0.0706, 0.0678, 0.0683, 0.0691, 0.0703, 0.0719, 0.0813, 0.0775, 0.0855, 0.0788, 0.0854, 0.088, 0.0869, 0.0868, 0.0873, 0.0863, 0.0892, 0.0906, 0.09], "diag": {}, "lr": 0.3, "wd": 0.005, "mode": "sgd", "seed": 0, "epochs": 100, "beta2": 0.999, "sched": "cosine", "dataset": "cifar100", "model": "vit", "best_acc": 0.0906, "final_acc": 0.09, "wall_s": 931.3981006145477}