{"train_loss": [4.38085886270572, 4.093240671280103, 3.938981797144963, 3.825513823827108, 3.7244420552865054, 3.609321305079338, 3.4931600790757398, 3.3972566567934477, 3.3162966538698244, 3.245607349811456, 3.19170756034362, 3.1506011492166763, 3.0987375497817995, 3.067832531684484, 3.0358230052850184, 3.0033758756441946, 2.978328206600287, 2.948921468930367, 2.9205729704636796, 2.900233741295643, 2.881663864086836, 2.8451763715499485, 2.8205786876189403, 2.7960572089904394, 2.782071411303985, 2.7521904431856594, 2.732825779303526, 2.715789617024935, 2.692719902136387, 2.668348857684013, 2.6553303070557424, 2.6262623585187472, 2.599724520169772, 2.592643783031366, 2.576667232391162, 2.5492117912341388, 2.54165465098161, 2.5257637115625236, 2.50807046401195, 2.4937347546601907, 2.4690039714177447, 2.466361214564397, 2.4397447439340443, 2.434023774587191, 2.4063824464113286, 2.393453320478782, 2.3761435924432215, 2.3541927612744846, 2.3429168560566045, 2.329631813367208, 2.3228767486718986, 2.2950743387906978, 2.284316775737665, 2.2739314861786672, 2.2533826222786537, 2.2327058073801873, 2.2240532581622783, 2.199840606481601, 2.1861520846684774, 2.1712338352814697, 2.1522971608699897, 2.1295090284103004, 2.120421847013327, 2.105499867598216, 2.089177013054872, 2.0722201839471475, 2.0539447298416724, 2.031157424205389, 2.014727917695657, 1.996050841991718, 1.9750341766919846, 1.9662001084058713, 1.9459326854118935, 1.9276367960832057, 1.9140448353229425, 1.89540601510268, 1.875523507900727, 1.8566232228890442, 1.8427682497562505, 1.8230000373644706, 1.808204024265974, 1.7916708872868465, 1.7796709974606832, 1.7585210280540662, 1.74835367783522, 1.7293979406356812, 1.711872968918238, 1.7082807776255486, 1.6923569505031293, 1.6831924863350698, 1.6774949153264365, 1.6673561194004156, 1.657829731855637, 1.6460441757471134, 1.6437827370105647, 1.6313537848301423, 1.6302363459880536, 1.6275321266590022, 1.6285061487784753, 1.6224587620832982], "test_acc": [0.0795, 0.1373, 0.1588, 0.1823, 0.2097, 0.2373, 0.26, 0.2996, 0.3049, 0.347, 0.3517, 0.3475, 0.3654, 0.3706, 0.3907, 0.3769, 0.3947, 0.4116, 0.4174, 0.4338, 0.4257, 0.4307, 0.4282, 0.4331, 0.4483, 0.4557, 0.463, 0.4672, 0.4557, 0.4859, 0.4823, 0.4848, 0.5011, 0.4951, 0.4986, 0.5041, 0.5122, 0.5177, 0.5147, 0.5216, 0.5076, 0.5216, 0.5195, 0.5301, 0.5272, 0.5375, 0.5422, 0.5379, 0.5298, 0.5435, 0.5376, 0.5498, 0.5422, 0.5502, 0.5554, 0.5586, 0.5547, 0.5679, 0.5723, 0.5655, 0.5812, 0.5782, 0.5786, 0.5836, 0.5892, 0.5885, 0.5882, 0.5896, 0.5961, 0.5959, 0.6052, 0.5994, 0.6039, 0.6072, 0.6094, 0.6094, 0.6121, 0.609, 0.6141, 0.6194, 0.6227, 0.6173, 0.6207, 0.6251, 0.6246, 0.6242, 0.6267, 0.6282, 0.6312, 0.6289, 0.6327, 0.6323, 0.6313, 0.6328, 0.6326, 0.6349, 0.6347, 0.6349, 0.6356, 0.6354], "diag": {}, "lr": 0.1, "wd": 0.0001, "mode": "sgd", "seed": 0, "epochs": 100, "beta2": 0.999, "sched": "cosine", "dataset": "cifar100", "model": "vit", "best_acc": 0.6356, "final_acc": 0.6354, "wall_s": 947.7428362369537}