{"train_loss": [4.447063640447763, 4.176309845997737, 4.068252198512738, 4.048576386158283, 4.078179056827839, 4.088150214537596, 4.074481385793441, 4.060823316451831, 4.043023935342446, 4.02477066822541, 4.018503132844582, 4.0156376759211225, 3.998273518146613, 3.989021050624358, 3.986660805726663, 3.9721887350082397, 3.9668957062256642, 3.9665376449242618, 3.956497889909989, 3.9626496706253445, 3.9605684176469462, 3.9486787331409943, 3.9467022174443955, 3.9407881602262838, 3.943037481797047, 3.938223498295515, 3.929091536693084, 3.940365463648087, 3.934377874472202, 3.927589775965764, 3.927698580423991, 3.914996639276162, 3.9140390750689384, 3.9198301993883575, 3.9147125005722048, 3.913757272867056, 3.9105309302990254, 3.898317798590049, 3.9022291171245085, 3.889198607664842, 3.8906150090388762, 3.894923797631875, 3.8876560431260327, 3.889545164964138, 3.8778855782288773, 3.8679593935990946, 3.8664516418408126, 3.8639133679561124, 3.85387404698592, 3.853491015923329, 3.8454463310730764, 3.8485158150012677, 3.8329295231745792, 3.8393071755384787, 3.82867877299969, 3.8216726034115522, 3.8140994573250797, 3.805078395207723, 3.799788059332432, 3.7872603624294965, 3.785328799027663, 3.7821425083356024, 3.785412449103135, 3.7749643062933895, 3.771307258728223, 3.7649766121155177, 3.7593315589122285, 3.7518174012502032, 3.7423186399997808, 3.733318629631629, 3.7362317329797987, 3.728916272138938, 3.725400567666078, 3.6980707590396587, 3.698781481767312, 3.6998665638459034, 3.6862212602908793, 3.679983912370144, 3.6737399144050404, 3.670241429255559, 3.6571961170587786, 3.651450025729644, 3.650134527377593, 3.6299715622877464, 3.630243607667776, 3.6228871767337507, 3.612064045514816, 3.6084726266371896, 3.602407451165028, 3.584385598011506, 3.5896960558035436, 3.5843099679702366, 3.573091953840011, 3.564443173775306, 3.5551579010792267, 3.5525286845671826, 3.5484149504930547, 3.5466725850716614, 3.5433500204330834, 3.5419460504482956], "test_acc": [0.0692, 0.1138, 0.1168, 0.1219, 0.1169, 0.1143, 0.1215, 0.124, 0.1317, 0.1335, 0.121, 0.1237, 0.1245, 0.1327, 0.1515, 0.1306, 0.126, 0.152, 0.1519, 0.1398, 0.1427, 0.1377, 0.1435, 0.1509, 0.1494, 0.127, 0.1464, 0.1488, 0.1448, 0.1591, 0.1541, 0.1514, 0.152, 0.1481, 0.1505, 0.1571, 0.153, 0.161, 0.1709, 0.1764, 0.1638, 0.1701, 0.1567, 0.1586, 0.1626, 0.1655, 0.1763, 0.1724, 0.1725, 0.1683, 0.1661, 0.1837, 0.1712, 0.1627, 0.1878, 0.1848, 0.1757, 0.1805, 0.1794, 0.192, 0.1884, 0.189, 0.1979, 0.2043, 0.1928, 0.1991, 0.2002, 0.2022, 0.2031, 0.2062, 0.2042, 0.2026, 0.2081, 0.2119, 0.2016, 0.2191, 0.2154, 0.2115, 0.2179, 0.2215, 0.2204, 0.2261, 0.2301, 0.2302, 0.2314, 0.2432, 0.2255, 0.2419, 0.2423, 0.2392, 0.2307, 0.2473, 0.2398, 0.2515, 0.2413, 0.2433, 0.25, 0.2492, 0.2514, 0.2501], "diag": {}, "lr": 0.03, "wd": 0.005, "mode": "sgd", "seed": 0, "epochs": 100, "beta2": 0.999, "sched": "cosine", "dataset": "cifar100", "model": "vit", "best_acc": 0.2515, "final_acc": 0.2501, "wall_s": 943.0697619915009}