{"train_loss": [4.381556959641285, 4.098611446527334, 3.951882809247726, 3.850650044587942, 3.7705390508358296, 3.701338153619033, 3.627698389077798, 3.5716649336692616, 3.520523939988552, 3.490063714981079, 3.4706783606455875, 3.4546545126499275, 3.445402510960897, 3.4216985158431226, 3.4106473225813647, 3.3980011163613737, 3.3890657803951165, 3.3788741337947354, 3.362982437549493, 3.3639843103213187, 3.3568574758676384, 3.3338665998899017, 3.326911708024832, 3.3145465068328073, 3.313805426084078, 3.289686230512766, 3.2803242720090426, 3.28314366768568, 3.263866422726558, 3.2550826751268827, 3.2459678851641143, 3.227932736201164, 3.2080443406716372, 3.21654533911974, 3.205854034423828, 3.1864343172464613, 3.176847453606434, 3.169002967614394, 3.1577728014725905, 3.1501488795647252, 3.1239452307040874, 3.1290046386229684, 3.104661267231672, 3.103501310103979, 3.092376131889148, 3.0820428701547478, 3.0753193714679816, 3.0571073544331084, 3.059273085838709, 3.0456636276000584, 3.0318784860464243, 3.0174897915277725, 3.0112925199361946, 3.0026056583111105, 2.992253069388561, 2.9844233726843807, 2.976664293729342, 2.960879217661344, 2.9552745366707827, 2.9347481874319223, 2.9247097003154265, 2.9158488713777984, 2.910305758011647, 2.9061943127558783, 2.885771212822352, 2.878572761095487, 2.860793620500809, 2.8515629505499813, 2.833754500364646, 2.814543782747709, 2.8049055973688763, 2.796322675851675, 2.7897780895233155, 2.76798083843329, 2.754672922232212, 2.7434162280498406, 2.7269327585513774, 2.708383400623615, 2.7014835987335597, 2.6829542850836727, 2.673583276455219, 2.6575529709840433, 2.6482999398158147, 2.62733199657538, 2.620630495976179, 2.603436897962521, 2.5851742976751084, 2.5809369900287726, 2.5637406618167193, 2.5513256072998045, 2.545950412750244, 2.5333564281463623, 2.5212083571996446, 2.51022961017413, 2.504158562880296, 2.4948157182106603, 2.4885582061914295, 2.49118100190774, 2.481264070364145, 2.4763361912507276], "test_acc": [0.0781, 0.1356, 0.1479, 0.1701, 0.1948, 0.2043, 0.2258, 0.2524, 0.2488, 0.2778, 0.2684, 0.2878, 0.2786, 0.2735, 0.2952, 0.2825, 0.2981, 0.3042, 0.2926, 0.3103, 0.3184, 0.3072, 0.3251, 0.2997, 0.3115, 0.2997, 0.3212, 0.3297, 0.334, 0.3409, 0.3437, 0.3286, 0.3698, 0.3535, 0.3486, 0.3523, 0.3647, 0.3609, 0.3663, 0.3596, 0.3722, 0.372, 0.3672, 0.3595, 0.3829, 0.3859, 0.3846, 0.3897, 0.3881, 0.3905, 0.3891, 0.3927, 0.3884, 0.4, 0.3867, 0.3998, 0.4046, 0.4014, 0.4101, 0.4245, 0.4124, 0.417, 0.4174, 0.4271, 0.4339, 0.4368, 0.4437, 0.4374, 0.441, 0.452, 0.4545, 0.4489, 0.4603, 0.4569, 0.4581, 0.4664, 0.476, 0.4685, 0.479, 0.4835, 0.4857, 0.4884, 0.4853, 0.4984, 0.4978, 0.5046, 0.5045, 0.5138, 0.5108, 0.5119, 0.5129, 0.5174, 0.5174, 0.5196, 0.5237, 0.5238, 0.5237, 0.5243, 0.5247, 0.5247], "diag": {}, "lr": 0.1, "wd": 0.0005, "mode": "sgd", "seed": 0, "epochs": 100, "beta2": 0.999, "sched": "cosine", "dataset": "cifar100", "model": "vit", "best_acc": 0.5247, "final_acc": 0.5247, "wall_s": 942.8303673267365}