{"train_loss": [4.442536911597618, 4.143334818497682, 3.966710100418482, 3.84372465916169, 3.73912083307902, 3.6141206802465975, 3.494618990482428, 3.396159155552204, 3.316689972388439, 3.239275972659771, 3.1713238520499987, 3.1173787667201114, 3.072275376931215, 3.039691471442198, 2.9838322070928722, 2.9457115686856783, 2.910924616226783, 2.8696362110284657, 2.8488383121979544, 2.7997181073213233, 2.7784959628031802, 2.7453985312046147, 2.7106248262601023, 2.6796419822252715, 2.6529248512708223, 2.619963804269448, 2.5920788985032304, 2.570781406378135, 2.5452965821975315, 2.5151293546725544, 2.490482211112976, 2.4738319610938047, 2.4433315478838407, 2.428769830557016, 2.4022948906971857, 2.3792275734436816, 2.3532635517609424, 2.339706271733993, 2.3173378657072017, 2.301270087560018, 2.2849701374005047, 2.2633162853045343, 2.248595970104902, 2.222367495756883, 2.2050319136717382, 2.1897723521941748, 2.16917983965996, 2.153231820387718, 2.1337345600128175, 2.112211967431582, 2.1056853300485856, 2.077751181064508, 2.0669441623565477, 2.0425124305945177, 2.029552417840713, 2.009964274137448, 1.9916651010513307, 1.9804577689904432, 1.9572070338787178, 1.9454580401762938, 1.9227977780195382, 1.9151060465054635, 1.886255782078474, 1.8726757563077487, 1.8540138409687923, 1.8448432696171295, 1.8260477151626195, 1.8119967304743254, 1.7887798633330907, 1.781854176826966, 1.7582586297622094, 1.7342745466110034, 1.7308635977598337, 1.710941964540726, 1.6889202472491143, 1.6719469082661165, 1.656089375874935, 1.6488922947492355, 1.6279605251092177, 1.6155116166823948, 1.5989041505715786, 1.5851151209611158, 1.5682951960808191, 1.5579256378687345, 1.547137871155372, 1.5346775935246395, 1.5245589030094635, 1.5140856996560708, 1.502497708186125, 1.4946540395418804, 1.490481970860408, 1.4836648121858254, 1.4743203774476663, 1.471692330409319, 1.467147859854576, 1.4699044848099734, 1.4623266770289494, 1.4575935097841115, 1.4639748010879907, 1.459305808177361], "test_acc": [0.0801, 0.1052, 0.1573, 0.1844, 0.2154, 0.2435, 0.2729, 0.3021, 0.3157, 0.3344, 0.3474, 0.3707, 0.3841, 0.3851, 0.3895, 0.4145, 0.4079, 0.4215, 0.4251, 0.4414, 0.4462, 0.46, 0.4656, 0.4776, 0.4837, 0.4854, 0.4841, 0.5048, 0.5029, 0.5115, 0.5066, 0.5189, 0.5209, 0.5184, 0.5295, 0.5315, 0.5378, 0.5425, 0.5517, 0.5344, 0.552, 0.5484, 0.5591, 0.563, 0.5533, 0.5745, 0.5637, 0.571, 0.5733, 0.5786, 0.5854, 0.583, 0.5904, 0.5917, 0.5893, 0.5931, 0.5916, 0.592, 0.601, 0.597, 0.6019, 0.5974, 0.608, 0.607, 0.6082, 0.6082, 0.6147, 0.6191, 0.6218, 0.6181, 0.6198, 0.6222, 0.624, 0.6218, 0.6236, 0.6269, 0.6283, 0.6304, 0.6298, 0.6274, 0.6313, 0.6253, 0.634, 0.6386, 0.6357, 0.6346, 0.6384, 0.6352, 0.6384, 0.6375, 0.6404, 0.6377, 0.6421, 0.6407, 0.6416, 0.6409, 0.6415, 0.6432, 0.6424, 0.6425], "diag": {}, "lr": 0.03, "wd": 0.0001, "mode": "sgd", "seed": 4, "epochs": 100, "beta2": 0.999, "sched": "cosine", "dataset": "cifar100", "model": "vit", "best_acc": 0.6432, "final_acc": 0.6425, "wall_s": 949.575665473938}