{"train_loss": [4.443713789719801, 4.140966682556348, 3.9620315588437593, 3.8363841564227372, 3.7372989697334096, 3.6219647731536475, 3.5087498805461785, 3.4222076672774095, 3.3379720681752914, 3.2621549661342915, 3.1978048905348166, 3.1486106126736373, 3.0850133675795335, 3.044701422177828, 2.994042077431312, 2.953959051156655, 2.92263146180373, 2.8891893551899837, 2.8532487080647395, 2.8241447729942126, 2.7924808172079234, 2.7502658348817093, 2.718736655284197, 2.6877638902419654, 2.6625927839523706, 2.6344917474648892, 2.6065159412530754, 2.584163942092504, 2.5487051077378102, 2.5255485840332814, 2.5070315697254277, 2.471715849485153, 2.4487124351354748, 2.435461567609738, 2.413552062328045, 2.3841405153274535, 2.3690711015310044, 2.3441675757750486, 2.3243678973271296, 2.3034808843563765, 2.2801834320410705, 2.2687468852752293, 2.247194968431424, 2.231930974507943, 2.20448121321507, 2.1888588566046496, 2.1712962654920727, 2.1452396982755415, 2.134792367922954, 2.118782726312295, 2.1017671511723446, 2.072071168972896, 2.0647670751962908, 2.0475725274819596, 2.0215680284377857, 2.0076962914222327, 1.993015499909719, 1.9752482726023748, 1.9543412764867147, 1.9400805867635287, 1.9183350416330192, 1.9093913249480419, 1.8901051823909467, 1.8778457892246736, 1.8580702800017137, 1.8416284680366517, 1.8195624745809116, 1.7987209396484571, 1.77960556103633, 1.7644545909685967, 1.7471429537504146, 1.7338592058573015, 1.71916703077463, 1.703161494548504, 1.6827812726681048, 1.6729538547687042, 1.6497214736082615, 1.6327377218466539, 1.6215231381929838, 1.6012810587882995, 1.587880887129368, 1.5750646719565757, 1.5653926005730263, 1.5505254617104163, 1.5425918380419412, 1.5237630559847906, 1.5117362254705184, 1.5051507093967535, 1.5011858221812127, 1.4837829171082912, 1.484326777091393, 1.4759055638924623, 1.4668645329964467, 1.4617378561924665, 1.4605080118546119, 1.4525570838879316, 1.446510520348182, 1.4485589210803693, 1.4472630286828065, 1.4463786440017896], "test_acc": [0.0701, 0.1232, 0.1435, 0.1743, 0.2072, 0.232, 0.2525, 0.2927, 0.308, 0.3227, 0.3472, 0.3553, 0.3705, 0.3839, 0.4002, 0.3998, 0.4117, 0.4248, 0.4312, 0.4362, 0.4479, 0.4579, 0.457, 0.4688, 0.4688, 0.4814, 0.4854, 0.4987, 0.4949, 0.5127, 0.5119, 0.5113, 0.5227, 0.523, 0.5332, 0.5303, 0.5393, 0.542, 0.5442, 0.5495, 0.5565, 0.5507, 0.5538, 0.5673, 0.5639, 0.5785, 0.5741, 0.5821, 0.5728, 0.5792, 0.5778, 0.5848, 0.5845, 0.5943, 0.5963, 0.5962, 0.5914, 0.6, 0.6023, 0.5988, 0.6081, 0.6062, 0.6002, 0.6142, 0.6146, 0.6184, 0.6148, 0.6176, 0.6226, 0.6235, 0.6246, 0.6199, 0.6213, 0.626, 0.6285, 0.6291, 0.6335, 0.6305, 0.6305, 0.6368, 0.636, 0.6345, 0.636, 0.6414, 0.6405, 0.6402, 0.6403, 0.6407, 0.642, 0.6427, 0.6431, 0.6404, 0.643, 0.6464, 0.6463, 0.6465, 0.6469, 0.6469, 0.6473, 0.6469], "diag": {}, "lr": 0.03, "wd": 0.0001, "mode": "sgd", "seed": 0, "epochs": 100, "beta2": 0.999, "sched": "cosine", "dataset": "cifar100", "model": "vit", "best_acc": 0.6473, "final_acc": 0.6469, "wall_s": 941.3229286670685}