{"train_loss": [4.441550853924873, 4.1412138859430945, 3.9728669796234524, 3.8385636219611534, 3.7239814574901873, 3.6031645340797227, 3.4851549454224418, 3.399377758686359, 3.3038484053734023, 3.243855112638229, 3.1839875991527853, 3.132517307232588, 3.072222734108949, 3.0245603157923773, 2.986622389157613, 2.9443076133728026, 2.902700723745884, 2.873664795435392, 2.8354806074729333, 2.8041830191245447, 2.7677037856517694, 2.7314493381060085, 2.703005786431141, 2.6768719703723223, 2.649111574735397, 2.6154597251843184, 2.585958744318057, 2.560183989084684, 2.540018483919975, 2.5165108723518177, 2.4868501828267022, 2.4706261329161814, 2.4454311811006986, 2.415324440980569, 2.395752321756803, 2.3653591003173435, 2.3575812028004575, 2.337594493230184, 2.3232625294954348, 2.29325532913208, 2.27779634640767, 2.2558899711339904, 2.2330859505213225, 2.219872559645237, 2.2060778241891126, 2.1764163472713567, 2.1645430418161244, 2.148066800985581, 2.122694371908139, 2.1083893002607885, 2.09674189671492, 2.0767715989015043, 2.0516048168524716, 2.0377397042054395, 2.0187873403231302, 2.004634594000303, 1.9864223113426795, 1.9630348942218683, 1.9497299927931566, 1.920204362502465, 1.920676042483403, 1.8955437562404536, 1.8842729449272155, 1.8636964773520446, 1.8466651601669115, 1.8233694507525517, 1.8118672587932685, 1.789770941550915, 1.7760862280160954, 1.766322502417442, 1.744606947287535, 1.7265038909056247, 1.7128094260509197, 1.6935219312325502, 1.6795184700916974, 1.6617085242882752, 1.651993926671835, 1.62809635584171, 1.6148437998233698, 1.6041673553295626, 1.5827375448667087, 1.5716134945551554, 1.5588672579863132, 1.546439118263049, 1.5343205234943291, 1.5188783605893452, 1.5166820666728875, 1.5063421218823163, 1.4837807970169263, 1.4828579468604846, 1.4714442026920809, 1.464336546873435, 1.46762875746458, 1.4567710598309835, 1.4515011475636408, 1.451672298174638, 1.4478443485039931, 1.4471986477191632, 1.447089173243596, 1.4463025160324878], "test_acc": [0.0872, 0.1223, 0.1401, 0.1817, 0.2014, 0.2524, 0.2689, 0.2917, 0.3125, 0.3361, 0.3438, 0.373, 0.3808, 0.3872, 0.3912, 0.4025, 0.4211, 0.4195, 0.4311, 0.4394, 0.441, 0.4634, 0.4645, 0.47, 0.4751, 0.47, 0.4822, 0.491, 0.5088, 0.5072, 0.508, 0.5076, 0.5211, 0.5271, 0.5264, 0.5402, 0.5395, 0.5461, 0.5439, 0.5482, 0.5521, 0.5596, 0.5636, 0.5582, 0.5733, 0.5618, 0.5692, 0.5758, 0.5836, 0.5778, 0.5772, 0.5856, 0.5865, 0.5912, 0.5902, 0.5903, 0.5954, 0.5985, 0.5963, 0.597, 0.6068, 0.6034, 0.6059, 0.608, 0.6096, 0.6097, 0.6144, 0.6154, 0.6263, 0.622, 0.6203, 0.6237, 0.6291, 0.621, 0.624, 0.624, 0.6314, 0.6284, 0.6297, 0.6328, 0.6333, 0.6343, 0.6385, 0.6352, 0.6354, 0.6361, 0.6402, 0.6418, 0.6387, 0.6453, 0.6434, 0.6421, 0.643, 0.6439, 0.6446, 0.644, 0.6444, 0.6439, 0.6435, 0.643], "diag": {}, "lr": 0.03, "wd": 0.0001, "mode": "sgd", "seed": 2, "epochs": 100, "beta2": 0.999, "sched": "cosine", "dataset": "cifar100", "model": "vit", "best_acc": 0.6453, "final_acc": 0.643, "wall_s": 946.0961058139801}