{"train_loss": [4.360667575933994, 4.09360956962292, 3.9659866718145516, 3.8664110061449883, 3.7769275347391766, 3.68637375831604, 3.6055526971817016, 3.5497341009286734, 3.4830730163134063, 3.4222915453788563, 3.3975241178121323, 3.3491554792110736, 3.316998665760725, 3.2926358522512973, 3.2702293334863124, 3.255192510286967, 3.2347305487363767, 3.218616187878144, 3.201397993014409, 3.1971249256378567, 3.1782838479066506, 3.158592930206886, 3.1454951787606262, 3.1285586112584824, 3.11625753732828, 3.08374664355547, 3.0678685169953566, 3.0559796107121002, 3.03422532081604, 3.014178336583651, 2.9982983888723913, 2.9665619862385286, 2.9521878890502147, 2.946390538949233, 2.9307316272686688, 2.9156915976450994, 2.9022215054585385, 2.881030415877318, 2.8679396714919654, 2.8565675594867805, 2.831594220797221, 2.8231302817662556, 2.80976384969858, 2.7990293704546416, 2.775833911773486, 2.760051895410587, 2.7519641851767513, 2.7273445734610924, 2.717133570940067, 2.704515940715105, 2.68967233865689, 2.6687593478422897, 2.660280313247289, 2.646727698888534, 2.6259509826317813, 2.61924155553182, 2.6022368021500415, 2.5821054483071353, 2.566608057877956, 2.5353068467898248, 2.527275874064519, 2.5135587918452726, 2.499194722909194, 2.4759583381506114, 2.4599123575748543, 2.4506622485625438, 2.4307506182254888, 2.4053465953240027, 2.389499289561541, 2.3590801410185986, 2.3470647824116244, 2.3352098116507896, 2.317441070996798, 2.287331302960714, 2.2703810416735135, 2.25071657590377, 2.223862409591675, 2.205467716547159, 2.183275244786189, 2.1639035539749343, 2.1456305189010423, 2.1240768218651795, 2.1057701129179733, 2.0819864166088595, 2.0606782424144257, 2.03900166230324, 2.014908126073006, 2.0071252434681623, 1.9860404375271918, 1.970123829291417, 1.9573712694339263, 1.9426362291360513, 1.9272033813672187, 1.9129135623956337, 1.904888863135607, 1.8941035778094562, 1.8833123112336183, 1.8834622251681792, 1.8751816220772572, 1.8735212261860188], "test_acc": [0.0843, 0.1242, 0.1465, 0.1654, 0.1963, 0.22, 0.2272, 0.2613, 0.2727, 0.3032, 0.3041, 0.3119, 0.3127, 0.332, 0.3308, 0.319, 0.3216, 0.3383, 0.3412, 0.3538, 0.3438, 0.3653, 0.3426, 0.352, 0.3563, 0.3554, 0.3729, 0.3904, 0.3859, 0.4015, 0.412, 0.4105, 0.4204, 0.4164, 0.4208, 0.4191, 0.4195, 0.4152, 0.4366, 0.4326, 0.4425, 0.4498, 0.4474, 0.4463, 0.4492, 0.4632, 0.466, 0.4719, 0.4653, 0.4633, 0.4772, 0.4783, 0.476, 0.4953, 0.4832, 0.4953, 0.4884, 0.5015, 0.512, 0.5099, 0.5127, 0.5127, 0.5051, 0.5272, 0.5237, 0.5263, 0.5332, 0.5366, 0.5415, 0.542, 0.5515, 0.5506, 0.5545, 0.5582, 0.556, 0.5668, 0.5671, 0.5692, 0.5756, 0.5813, 0.5798, 0.581, 0.5879, 0.5924, 0.5888, 0.5956, 0.5978, 0.608, 0.6079, 0.6094, 0.6082, 0.613, 0.6118, 0.614, 0.6138, 0.616, 0.6158, 0.617, 0.6173, 0.6164], "diag": {}, "lr": 0.3, "wd": 0.0001, "mode": "sgd", "seed": 0, "epochs": 100, "beta2": 0.999, "sched": "cosine", "dataset": "cifar100", "model": "vit", "best_acc": 0.6173, "final_acc": 0.6164, "wall_s": 947.5714297294617}