{"train_loss": [4.390721373680311, 4.184833839612129, 4.189017763504615, 4.214019232529861, 4.207197885024242, 4.2218498731270815, 4.205174226027268, 4.20489925971398, 4.194877528532958, 4.190781764495067, 4.193537290891012, 4.19662518073351, 4.190726201962202, 4.197130732658582, 4.194440717574878, 4.194159130561046, 4.192078686371827, 4.195007040561774, 4.186522276584919, 4.193310217979627, 4.1841493961138605, 4.183574627607297, 4.183832814143254, 4.180626955399147, 4.178444227805504, 4.176264689518855, 4.177391333457751, 4.182194666373424, 4.184106314487947, 4.174792870497092, 4.174394374016003, 4.163913839291304, 4.168944960985428, 4.1692512866778255, 4.1669070567840185, 4.16070897762592, 4.158368986692184, 4.151804621403034, 4.159391071246221, 4.147416630158058, 4.149834680557251, 4.151504841828958, 4.143492196156428, 4.146168403136424, 4.142057445110419, 4.138932984914535, 4.137475321843074, 4.127392108623798, 4.130235689725631, 4.127507769144499, 4.123212029995062, 4.116052959515498, 4.113312940108471, 4.123244643822694, 4.112294466067583, 4.106437477087363, 4.10781752940936, 4.103704664034721, 4.099109667386764, 4.090519708242172, 4.083870413364508, 4.0823335494750586, 4.086233628101838, 4.078739745188982, 4.07402868270874, 4.076189303398133, 4.060975601734259, 4.06347179107177, 4.053666021885016, 4.046829933997913, 4.044086851217808, 4.037469388888432, 4.021254777908325, 4.010993906167838, 4.012816332548093, 3.99538132471916, 3.986369090202527, 3.985443898347708, 3.9734942778562887, 3.9710143486658733, 3.959765552251767, 3.952515563598046, 3.95318808616736, 3.935131293688065, 3.938895389972589, 3.9237775582533616, 3.914398023409721, 3.90523904470297, 3.8909711336478208, 3.878886204499465, 3.876981883782607, 3.8636439164479572, 3.8518112445488955, 3.836687879073314, 3.831165412144783, 3.823399567604065, 3.816175339772151, 3.8083882429660894, 3.8023419857025145, 3.8020854448660826], "test_acc": [0.0732, 0.0902, 0.0765, 0.0844, 0.0893, 0.0771, 0.0759, 0.0781, 0.0696, 0.0883, 0.0936, 0.0894, 0.0909, 0.0934, 0.0921, 0.0724, 0.0755, 0.0919, 0.08, 0.1025, 0.0889, 0.0908, 0.0936, 0.0851, 0.0932, 0.0875, 0.0853, 0.0911, 0.0937, 0.0866, 0.0991, 0.0957, 0.0934, 0.0822, 0.0984, 0.0853, 0.0955, 0.1026, 0.0988, 0.0904, 0.1048, 0.0977, 0.0865, 0.0863, 0.1042, 0.104, 0.0957, 0.092, 0.1023, 0.095, 0.1139, 0.1015, 0.098, 0.1024, 0.1059, 0.1071, 0.1007, 0.1156, 0.124, 0.1069, 0.1117, 0.1249, 0.1202, 0.1329, 0.1117, 0.1073, 0.1266, 0.1175, 0.1146, 0.1271, 0.117, 0.1158, 0.1333, 0.1313, 0.1242, 0.1297, 0.1401, 0.1313, 0.1396, 0.1361, 0.1265, 0.1413, 0.1519, 0.1386, 0.1521, 0.1609, 0.1571, 0.1538, 0.1703, 0.1626, 0.1635, 0.1717, 0.1714, 0.1779, 0.1726, 0.1784, 0.1801, 0.1821, 0.1846, 0.1837], "diag": {}, "lr": 0.1, "wd": 0.005, "mode": "sgd", "seed": 0, "epochs": 100, "beta2": 0.999, "sched": "cosine", "dataset": "cifar100", "model": "vit", "best_acc": 0.1846, "final_acc": 0.1837, "wall_s": 981.1933360099792}