{"task": "cola", "mode": "w", "lr": 2e-05, "wd": 0.01, "seed": 1, "val_metric": [0.5515294062595535, 0.565965534490769, 0.6226398596012055, 0.6060398851733185, 0.6344981873519642, 0.6118771035334829, 0.6251570531400433, 0.6110771753348959, 0.6194384116468411, 0.6034053904179437], "train_loss": [0.5279184679931669, 0.34423367968246116, 0.22066252723113813, 0.15246584229935795, 0.10852218449894172, 0.07318971727092041, 0.054259749602026015, 0.0424696889831059, 0.03415835665455505, 0.024898773976671163], "best_metric": 0.6344981873519642, "final_metric": 0.6034053904179437, "dhat_by_layer": {"embeddings": 9.99999993922529e-09, "layer00": 0.00056035490706563, "layer01": 0.0005363812670111656, "layer02": 0.0005425441777333617, "layer03": 0.0005392435705289245, "layer04": 0.0005692541017197073, "layer05": 0.0005396456108428538, "layer06": 0.0004959849175065756, "layer07": 0.0004327323113102466, "layer08": 0.00030427504680119455, "layer09": 0.00018942034512292594, "layer10": 0.00011682452168315649, "layer11": 6.036645936546847e-05, "head": 0.00018642458599060774}, "wall_s": 135.74060678482056}