{"task": "cola", "mode": "wh", "lr": 1e-05, "wd": 0.001, "seed": 4, "val_metric": [0.0, 0.3543328451130749, 0.43075140568698755, 0.43872148609062206, 0.4496077935780946, 0.43907744261562187, 0.44485820340444643, 0.4652567294469931, 0.45077485078453133, 0.43999593210437116], "train_loss": [0.6219709350991605, 0.5392799072746021, 0.4394647234411382, 0.3550774822595404, 0.28696285382802805, 0.23130090901655936, 0.19870723055592224, 0.1707731363321863, 0.14690165339843997, 0.1335678875668725], "best_metric": 0.4652567294469931, "final_metric": 0.43999593210437116, "dhat_by_layer": {"embeddings": 9.99999993922529e-09, "layer00": 0.0005772223812527955, "layer01": 0.0005863930564373732, "layer02": 0.0005846538115292788, "layer03": 0.0005804625106975436, "layer04": 0.0006309019518084824, "layer05": 0.000657879572827369, "layer06": 0.0006561931222677231, "layer07": 0.0006300159147940576, "layer08": 0.0004800538008566946, "layer09": 0.0002734480076469481, "layer10": 0.00017188851779792458, "layer11": 9.528455120744184e-05, "head": 0.0002947890025097877}, "wall_s": 137.72754836082458}