{"task": "cola", "mode": "w", "lr": 3e-05, "wd": 0.1, "seed": 0, "val_metric": [0.49354349027315053, 0.5998094084751417, 0.5365057053910051, 0.623213654281254, 0.5984526331231564, 0.628925787579466, 0.6307254089235312, 0.6292829640607693, 0.6315989853105913, 0.6365971662319485], "train_loss": [0.5322391697719916, 0.34239542128434824, 0.21579924410681672, 0.1408986401007469, 0.0855146099382372, 0.06379751988978528, 0.04550726470275115, 0.037121621339317804, 0.025976961387370004, 0.017753682776489782], "best_metric": 0.6365971662319485, "final_metric": 0.6365971662319485, "dhat_by_layer": {"embeddings": 9.99999993922529e-09, "layer00": 0.0004966326523572206, "layer01": 0.0004824299830943346, "layer02": 0.0004761537129525095, "layer03": 0.0004731252556666732, "layer04": 0.00048565620090812445, "layer05": 0.0004521894152276218, "layer06": 0.00040578580228611827, "layer07": 0.00034514552680775523, "layer08": 0.0002362289378652349, "layer09": 0.00014152978837955743, "layer10": 8.376948971999809e-05, "layer11": 4.34996654803399e-05, "head": 0.00015598104801028967}, "wall_s": 134.1183671951294}