{"task": "cola", "mode": "l2", "lr": 2e-05, "wd": 0.01, "seed": 1, "val_metric": [0.5197669430092784, 0.5742269628633097, 0.5807751491042524, 0.5353569722427551, 0.5965243630837301, 0.5526896422396544, 0.6089884360376946, 0.5755871255009116, 0.5430177264495386, 0.5468655257933821], "train_loss": [0.5643021485476352, 0.3998235846633342, 0.28739323922947274, 0.22501207643480442, 0.16847378586822037, 0.13611036333352772, 0.11295940843758298, 0.09322641100456465, 0.06603262690243436, 0.05576085322884036], "best_metric": 0.6089884360376946, "final_metric": 0.5468655257933821, "dhat_by_layer": {"embeddings": 0.000596649304497987, "layer00": 0.000640032987575978, "layer01": 0.0006297860527411103, "layer02": 0.0006476155831478536, "layer03": 0.0006468367646448314, "layer04": 0.0006563400966115296, "layer05": 0.0006355912191793323, "layer06": 0.0006537218578159809, "layer07": 0.0006055801641196012, "layer08": 0.0005085788434371352, "layer09": 0.00036167463986203074, "layer10": 0.0002601977321319282, "layer11": 0.00019915532902814448, "head": 0.00024880259297788143}, "wall_s": 137.5426185131073}