{"task": "cola", "mode": "l2", "lr": 2e-05, "wd": 0.01, "seed": 0, "val_metric": [0.5598587571863637, 0.5747864841018608, 0.5830721251992148, 0.5626727648075698, 0.5902118705343096, 0.5845760203069087, 0.5872785316073718, 0.5454001814167142, 0.562461217631608, 0.5633929042001022], "train_loss": [0.5847072234349464, 0.40271481415673865, 0.2895325287731726, 0.21800920144835514, 0.1635154495988764, 0.1370181760458804, 0.10613056117974555, 0.09336239088382293, 0.07648818458972582, 0.05896739417047643], "best_metric": 0.5902118705343096, "final_metric": 0.5633929042001022, "dhat_by_layer": {"embeddings": 0.000596649304497987, "layer00": 0.000632887240499258, "layer01": 0.000628249894361943, "layer02": 0.0006504632183350623, "layer03": 0.0006499793962575495, "layer04": 0.0006661249208264053, "layer05": 0.0006487839855253696, "layer06": 0.0006669646827504039, "layer07": 0.0006069510127417743, "layer08": 0.000503569666761905, "layer09": 0.00035394341102801263, "layer10": 0.0002674849529284984, "layer11": 0.0002047821180894971, "head": 0.0002651991380844265}, "wall_s": 132.9280333518982}