{"task": "cola", "mode": "l2", "lr": 2e-05, "wd": 0.01, "seed": 3, "val_metric": [0.5204171071475757, 0.5476439491636352, 0.5993649854983244, 0.5450362181686306, 0.5630262572481878, 0.6035900780819473, 0.5663196151894994, 0.5733808736614069, 0.5622327454463875, 0.5517964161621091], "train_loss": [0.568888830938446, 0.4057840991820862, 0.29695749638685537, 0.23306818562212275, 0.18220314567686238, 0.14698534886311018, 0.12232818455894047, 0.0938046263225043, 0.08193696890749148, 0.06948808297070104], "best_metric": 0.6035900780819473, "final_metric": 0.5517964161621091, "dhat_by_layer": {"embeddings": 0.000596649304497987, "layer00": 0.0006376983947120607, "layer01": 0.0006316684884950519, "layer02": 0.0006589573458768427, "layer03": 0.00064543989719823, "layer04": 0.0006590541452169418, "layer05": 0.000643805309664458, "layer06": 0.0006645455141551793, "layer07": 0.0006036453414708376, "layer08": 0.0005019991076551378, "layer09": 0.0003320994146633893, "layer10": 0.00024064186436589807, "layer11": 0.00019545722170732915, "head": 0.00022897480812389404}, "wall_s": 136.26467633247375}