{"task": "cola", "mode": "w", "lr": 1e-05, "wd": 0.01, "seed": 0, "val_metric": [0.5307488228954627, 0.5556088865196797, 0.5752615459764325, 0.5785159256958909, 0.5910926879747481, 0.5956578673520049, 0.6017582115322853, 0.5650034395953757, 0.5701176712316939, 0.5803715696880752], "train_loss": [0.562683420617189, 0.37182491217086566, 0.26148191697673123, 0.19942309302903377, 0.14463533597317205, 0.11932147272042375, 0.09285433892223205, 0.07656265525216821, 0.06786565409639655, 0.05643012230076007], "best_metric": 0.6017582115322853, "final_metric": 0.5803715696880752, "dhat_by_layer": {"embeddings": 9.99999993922529e-09, "layer00": 0.0007007293752394617, "layer01": 0.000678461859934032, "layer02": 0.0006894540856592357, "layer03": 0.000705710903275758, "layer04": 0.0007625897997058928, "layer05": 0.0007257628021761775, "layer06": 0.0006671401206403971, "layer07": 0.0005669876700267196, "layer08": 0.0003810983616858721, "layer09": 0.00022779458959121257, "layer10": 0.0001397490268573165, "layer11": 8.085554145509377e-05, "head": 0.0002802848466672003}, "wall_s": 134.99003100395203}