{"task": "cola", "mode": "wh", "lr": 2e-05, "wd": 0.001, "seed": 0, "val_metric": [0.1396837920880092, 0.33750161529949624, 0.40085080763525827, 0.34988258589953775, 0.3337100557621432, 0.35166473301983836, 0.3657284557766573, 0.3667698455580298, 0.32895973400837925, 0.3264197371970228], "train_loss": [0.6194966769040521, 0.5401833418812325, 0.4597075783939504, 0.37031174262068167, 0.28652282309398724, 0.2306626277850635, 0.18166116038476354, 0.1452945641506074, 0.11277019427116237, 0.09421738365025663], "best_metric": 0.40085080763525827, "final_metric": 0.3264197371970228, "dhat_by_layer": {"embeddings": 9.99999993922529e-09, "layer00": 0.0004987999564036727, "layer01": 0.0004715647082775831, "layer02": 0.00044328527292236686, "layer03": 0.0004089360882062465, "layer04": 0.00043999796616844833, "layer05": 0.00044844637159258127, "layer06": 0.00046573011786676943, "layer07": 0.0004352387331891805, "layer08": 0.00034175478504039347, "layer09": 0.00020258084987290204, "layer10": 0.00011454428022261709, "layer11": 6.443767779273912e-05, "head": 0.00023047470313031226}, "wall_s": 136.96380186080933}