{"task": "cola", "mode": "l2", "lr": 2e-05, "wd": 0.01, "seed": 2, "val_metric": [0.45418624291790166, 0.549719450045872, 0.5783323107334525, 0.5675682416159784, 0.5782027446370238, 0.5471613867597194, 0.5652516382961122, 0.571641700106445, 0.5668277832443891, 0.5543972545286807], "train_loss": [0.5787500887553194, 0.40596833413661415, 0.3013884838281283, 0.2200597486556021, 0.17155236653538783, 0.14034232204960687, 0.1261675932736539, 0.09067554794140716, 0.07123751480848209, 0.05949821278675279], "best_metric": 0.5783323107334525, "final_metric": 0.5543972545286807, "dhat_by_layer": {"embeddings": 0.0005972443614155054, "layer00": 0.0006461304728873074, "layer01": 0.0006351854535751045, "layer02": 0.000660122197587043, "layer03": 0.0006502123433165252, "layer04": 0.0006670691655017436, "layer05": 0.0006654747412540019, "layer06": 0.0006726995343342423, "layer07": 0.0006156269228085876, "layer08": 0.0005141228321008384, "layer09": 0.0003501666069496423, "layer10": 0.0002505042066331953, "layer11": 0.00019480875926092267, "head": 0.00022813129180576652}, "wall_s": 137.46885180473328}