{"task": "cola", "mode": "l2", "lr": 1e-05, "wd": 0.01, "seed": 0, "val_metric": [0.21056754918475226, 0.5548273578107759, 0.5890456886654597, 0.5611975320184954, 0.5768865343306099, 0.5871330527374325, 0.5869227172065937, 0.560464995177653, 0.5703054933279827, 0.5768865343306099], "train_loss": [0.6256093796509415, 0.44349221929685395, 0.3301846081418778, 0.2606589961796999, 0.2048905584544166, 0.17149324615055056, 0.13724116386790106, 0.11791355201779906, 0.10496186809753304, 0.09302873436166946], "best_metric": 0.5890456886654597, "final_metric": 0.5768865343306099, "dhat_by_layer": {"embeddings": 0.0006958487792871892, "layer00": 0.0007364944322034717, "layer01": 0.0007154877530410886, "layer02": 0.0007379120797850192, "layer03": 0.0007563267135992646, "layer04": 0.0008023708360269666, "layer05": 0.0007914236048236489, "layer06": 0.0007947116973809898, "layer07": 0.0007323495228774846, "layer08": 0.000603728462010622, "layer09": 0.00044043161324225366, "layer10": 0.0003537652373779565, "layer11": 0.00027857121312990785, "head": 0.0003432131779845804}, "wall_s": 137.084570646286}