{"task": "cola", "mode": "w", "lr": 2e-05, "wd": 0.01, "seed": 0, "val_metric": [0.5604304714520574, 0.6206499022674911, 0.6331400794803589, 0.6706315782895295, 0.636995872251009, 0.6342890666845706, 0.646217143693263, 0.6257597716930143, 0.6381997846972579, 0.6406801724722866], "train_loss": [0.5492671201033379, 0.3544401960141623, 0.22827352210879326, 0.14887861808789754, 0.09912186271663923, 0.07439903501914676, 0.05916332607609289, 0.04346470591966619, 0.03050642272930092, 0.025670003503432442], "best_metric": 0.6706315782895295, "final_metric": 0.6406801724722866, "dhat_by_layer": {"embeddings": 9.99999993922529e-09, "layer00": 0.0005416334024630487, "layer01": 0.0005298762698657811, "layer02": 0.0005276552401483059, "layer03": 0.0005341575015336275, "layer04": 0.0005504342261701822, "layer05": 0.0005211070529185236, "layer06": 0.0004845098883379251, "layer07": 0.0004109576402697712, "layer08": 0.0002845041744876653, "layer09": 0.0001803006452973932, "layer10": 0.00010451654816279188, "layer11": 5.497953679878265e-05, "head": 0.00018485977489035577}, "wall_s": 135.12619805335999}