{"task": "cola", "mode": "wh", "lr": 1e-05, "wd": 0.001, "seed": 1, "val_metric": [0.0, 0.41086436230654916, 0.435404912545674, 0.47350830753131157, 0.4766173298807751, 0.46371831946443137, 0.4957241515216811, 0.49678228082965264, 0.4896234097252215, 0.4894206280310853], "train_loss": [0.6139547026424266, 0.5223487942521252, 0.4137676809705905, 0.3282001694636558, 0.26506560140136465, 0.2113547911033479, 0.17923156316600627, 0.15122998478030092, 0.13197197250799456, 0.11144071340616514], "best_metric": 0.49678228082965264, "final_metric": 0.4894206280310853, "dhat_by_layer": {"embeddings": 9.99999993922529e-09, "layer00": 0.0005698615568690002, "layer01": 0.0005757923936471343, "layer02": 0.0005888104205951095, "layer03": 0.0005826163105666637, "layer04": 0.0006417504628188908, "layer05": 0.0006726896390318871, "layer06": 0.0006774634821340442, "layer07": 0.0006469609797932208, "layer08": 0.0004894312005490065, "layer09": 0.00029046760755591094, "layer10": 0.0001693135272944346, "layer11": 9.591252455720678e-05, "head": 0.00030274613527581096}, "wall_s": 138.6848759651184}