{"task": "cola", "mode": "l2", "lr": 1e-05, "wd": 0.1, "seed": 0, "val_metric": [0.0, 0.0, 0.0, 0.2476610227954736, 0.4365929714545839, 0.44960521225224076, 0.47745692156806036, 0.4376793819287724, 0.42191862510411504, 0.4453225576150955], "train_loss": [0.6551927512706216, 0.6111533159195487, 0.5897170678893132, 0.5239621794490672, 0.47275220914118327, 0.4471821104412648, 0.42769477716577586, 0.41919071282913434, 0.407504937764424, 0.4019758868128506], "best_metric": 0.47745692156806036, "final_metric": 0.4453225576150955, "dhat_by_layer": {"embeddings": 0.00685516931116581, "layer00": 0.0022479789331555367, "layer01": 0.00225418945774436, "layer02": 0.0023092133924365044, "layer03": 0.0023291376419365406, "layer04": 0.0022098275367170572, "layer05": 0.0020994157530367374, "layer06": 0.002171505708247423, "layer07": 0.002124978695064783, "layer08": 0.0021315538324415684, "layer09": 0.0019957823678851128, "layer10": 0.001866206992417574, "layer11": 0.0017728409729897976, "head": 0.0009132991544902325}, "wall_s": 132.8538796901703}