{"task": "cola", "mode": "w", "lr": 2e-05, "wd": 0.1, "seed": 0, "val_metric": [0.5734398650870071, 0.6215524883163951, 0.5956649094312695, 0.6134818519595254, 0.6366782083554468, 0.6031588333778671, 0.6397192569304163, 0.5930840237241851, 0.6110771753348959, 0.6234124534066398], "train_loss": [0.5483674860712308, 0.3424906405383971, 0.21873395222781308, 0.15228923093944566, 0.10171463373881667, 0.07246229420902568, 0.0533163135431693, 0.04040026937962385, 0.030822917469777167, 0.025815297863376673], "best_metric": 0.6397192569304163, "final_metric": 0.6234124534066398, "dhat_by_layer": {"embeddings": 9.99999993922529e-09, "layer00": 0.0005451000761240721, "layer01": 0.0005339087801985443, "layer02": 0.0005443160189315677, "layer03": 0.0005449641612358391, "layer04": 0.0005557939293794334, "layer05": 0.0005296269082464278, "layer06": 0.0004890256095677614, "layer07": 0.0004176578077021986, "layer08": 0.00028794564423151314, "layer09": 0.00017215427942574024, "layer10": 9.737212531035766e-05, "layer11": 5.396650158218108e-05, "head": 0.0002048917958745733}, "wall_s": 130.78506588935852}