{"task": "cola", "mode": "w", "lr": 1e-05, "wd": 0.1, "seed": 0, "val_metric": [0.5400919089395116, 0.6153433616226833, 0.5930546484314362, 0.565579540997454, 0.583024886611504, 0.5854493301728642, 0.5939552264856284, 0.5981135922805256, 0.5905123335559759, 0.5879759000771466], "train_loss": [0.563889263503587, 0.3678855814818126, 0.26046451831709094, 0.19881460127601427, 0.1443411798230303, 0.11790317844655086, 0.09081640731501602, 0.07249259427641588, 0.0647553415176695, 0.0550173277030143], "best_metric": 0.6153433616226833, "final_metric": 0.5879759000771466, "dhat_by_layer": {"embeddings": 9.99999993922529e-09, "layer00": 0.0006414101226255298, "layer01": 0.0006270400481298566, "layer02": 0.0006336583173833787, "layer03": 0.0006736649665981531, "layer04": 0.0007331756060011685, "layer05": 0.0007180155371315777, "layer06": 0.0006682128296233714, "layer07": 0.0005758543265983462, "layer08": 0.0003920168965123594, "layer09": 0.0002363959065405652, "layer10": 0.00014356258907355368, "layer11": 8.182547753676772e-05, "head": 0.00028204466798342764}, "wall_s": 132.14285707473755}