{"task": "cola", "mode": "w", "lr": 2e-05, "wd": 0.01, "seed": 4, "val_metric": [0.5625189013491261, 0.5908811945749991, 0.6109706731207158, 0.6061605762137284, 0.6232638366157678, 0.6258269726983982, 0.6437317767243795, 0.63678867391954, 0.6223959683907928, 0.6257597716930143], "train_loss": [0.5404487022045833, 0.3570993470111445, 0.23637751122908807, 0.16319177882162048, 0.11567417276439382, 0.08251502709602242, 0.06088396439801401, 0.04421748614908238, 0.03494684889029934, 0.02597761935808126], "best_metric": 0.6437317767243795, "final_metric": 0.6257597716930143, "dhat_by_layer": {"embeddings": 9.99999993922529e-09, "layer00": 0.0005274954601190984, "layer01": 0.0005204914486967027, "layer02": 0.0005256907898001373, "layer03": 0.0005018936353735626, "layer04": 0.0005206125788390636, "layer05": 0.0004967678105458617, "layer06": 0.00046360952546820045, "layer07": 0.0003954090061597526, "layer08": 0.00027912703808397055, "layer09": 0.00017201370792463422, "layer10": 0.00010715918324422091, "layer11": 5.87737922614906e-05, "head": 0.0002135749818990007}, "wall_s": 136.2312319278717}