{"task": "cola", "mode": "w", "lr": 3e-05, "wd": 0.01, "seed": 0, "val_metric": [0.579395362998896, 0.5582103540932131, 0.5790158367915327, 0.6208288813242873, 0.594786450396496, 0.59561622728651, 0.6221672000399768, 0.6182197264087645, 0.6210093223610296, 0.6212584232587556], "train_loss": [0.5369707119109025, 0.3338662993663283, 0.21411866522324619, 0.1380959409289062, 0.09351771878106381, 0.06872244468375818, 0.04789520175793076, 0.03295569385553071, 0.025665063037425835, 0.020367682266175927], "best_metric": 0.6221672000399768, "final_metric": 0.6212584232587556, "dhat_by_layer": {"embeddings": 9.99999993922529e-09, "layer00": 0.0005249771638773382, "layer01": 0.0005131481448188424, "layer02": 0.0005262508057057858, "layer03": 0.0005118913832120597, "layer04": 0.0005239035235717893, "layer05": 0.00047369193634949625, "layer06": 0.00043103485950268805, "layer07": 0.0003515278804115951, "layer08": 0.0002333534212084487, "layer09": 0.00014090447803027928, "layer10": 8.258438901975751e-05, "layer11": 4.582159817800857e-05, "head": 0.00016558753850404173}, "wall_s": 135.00935101509094}