{"task": "cola", "mode": "l2", "lr": 2e-05, "wd": 0.01, "seed": 4, "val_metric": [0.507418402843566, 0.5810381850664859, 0.5924031392167756, 0.5577353353156735, 0.5676609066599885, 0.5575034099514093, 0.5269760296374377, 0.5753664479621632, 0.5720826983133533, 0.5644979995646169], "train_loss": [0.583399089414682, 0.4048704699571453, 0.29457412726843535, 0.22485515430792055, 0.17619814014812904, 0.14341078937720897, 0.11986212426824357, 0.09309316672551543, 0.07623143799067822, 0.06127969515440402], "best_metric": 0.5924031392167756, "final_metric": 0.5644979995646169, "dhat_by_layer": {"embeddings": 0.000596649304497987, "layer00": 0.0006306872237473726, "layer01": 0.0006258165230974555, "layer02": 0.0006423568120226264, "layer03": 0.0006392315262928605, "layer04": 0.0006506458739750087, "layer05": 0.0006363329011946917, "layer06": 0.0006472336244769394, "layer07": 0.0005857895594090223, "layer08": 0.0004965928965248168, "layer09": 0.0003402642614673823, "layer10": 0.0002469956816639751, "layer11": 0.0001892527798190713, "head": 0.00020856987976003438}, "wall_s": 138.41228699684143}