{"task": "cola", "mode": "l2", "lr": 3e-05, "wd": 0.01, "seed": 0, "val_metric": [0.5269785274455431, 0.5338113857914387, 0.5286178863044644, 0.5025526056573781, 0.5247919213147383, 0.5518482687986803, 0.5308567193176762, 0.5219614412677479, 0.5224042038404204, 0.5202123212283704], "train_loss": [0.5789686947393773, 0.4134399560627653, 0.31263889383469057, 0.2534029359248147, 0.20553703487975827, 0.18041427461291426, 0.1573173825684657, 0.12910376288997594, 0.10986719733632322, 0.07942713735930955], "best_metric": 0.5518482687986803, "final_metric": 0.5202123212283704, "dhat_by_layer": {"embeddings": 0.000511379330419004, "layer00": 0.0006113964482210577, "layer01": 0.0006088215741328895, "layer02": 0.000621760031208396, "layer03": 0.0006141706253401935, "layer04": 0.0006126954103820026, "layer05": 0.0005793937016278505, "layer06": 0.0006064338376745582, "layer07": 0.000500165915582329, "layer08": 0.0004214718646835536, "layer09": 0.00028722043498419225, "layer10": 0.00021536894200835377, "layer11": 0.00015945162158459425, "head": 0.00022677597007714212}, "wall_s": 136.13175988197327}