{"task": "cola", "mode": "w", "lr": 2e-05, "wd": 0.01, "seed": 2, "val_metric": [0.501912506520387, 0.5881177177003271, 0.6315989853105913, 0.5880544551678445, 0.6386095679193793, 0.6387543376313289, 0.6031932328167873, 0.5982632727547974, 0.6161067903576496, 0.608358147712731], "train_loss": [0.5456165138687661, 0.35117027908563614, 0.24464305301210773, 0.15664403488053313, 0.11321117610100713, 0.08460467500931848, 0.0539626222096884, 0.04795521675650753, 0.03720700856795145, 0.031056617702437398], "best_metric": 0.6387543376313289, "final_metric": 0.608358147712731, "dhat_by_layer": {"embeddings": 9.99999993922529e-09, "layer00": 0.0005959153641015291, "layer01": 0.0005831021699123085, "layer02": 0.0005686927470378578, "layer03": 0.0005531657370738685, "layer04": 0.000572550983633846, "layer05": 0.0005465507856570184, "layer06": 0.000497527769766748, "layer07": 0.00042684521758928895, "layer08": 0.00029308744706213474, "layer09": 0.00016382025205530226, "layer10": 9.709300502436236e-05, "layer11": 5.2520215831464157e-05, "head": 0.00016013896674849093}, "wall_s": 136.76168870925903}