{"task": "cola", "mode": "l2", "lr": 2e-05, "wd": 0.1, "seed": 0, "val_metric": [0.0, 0.0, 0.17017065090894792, 0.20079032473954583, 0.3179811082103178, 0.29656391696595763, 0.23787923536592354, 0.26360392714419645, 0.22258814800874943, 0.21405983394369893], "train_loss": [0.6433098474100455, 0.6041383071621852, 0.5518957313094566, 0.5088182075032547, 0.4985031563399443, 0.4998706622577425, 0.4988795506642826, 0.4990612916759591, 0.49304600015505035, 0.4922355375627973], "best_metric": 0.3179811082103178, "final_metric": 0.21405983394369893, "dhat_by_layer": {"embeddings": 0.005859049037098885, "layer00": 0.0015462820883840322, "layer01": 0.001554125570692122, "layer02": 0.0016110967844724655, "layer03": 0.0016316776163876057, "layer04": 0.0015028107445687056, "layer05": 0.0014212782261893153, "layer06": 0.0014744048239663243, "layer07": 0.001433927216567099, "layer08": 0.0014258502051234245, "layer09": 0.0013054286828264594, "layer10": 0.0011849250877276063, "layer11": 0.0011014133924618363, "head": 0.0006945072673261166}, "wall_s": 136.7137005329132}