{"task": "cola", "mode": "wh", "lr": 1e-05, "wd": 0.001, "seed": 0, "val_metric": [0.13069618561079088, 0.4202485934984447, 0.4155100874459552, 0.45550061449184215, 0.4783496010685797, 0.45912068262683325, 0.44729806240828407, 0.4577821604574951, 0.42478492377656396, 0.4357555895914372], "train_loss": [0.621764120103708, 0.5212555684482874, 0.41911804753897797, 0.3418439120721461, 0.2729131334197165, 0.23043612618722134, 0.18571423226272438, 0.1677354946732521, 0.1337034400385707, 0.12522891455733065], "best_metric": 0.4783496010685797, "final_metric": 0.4357555895914372, "dhat_by_layer": {"embeddings": 9.99999993922529e-09, "layer00": 0.0005872214096598327, "layer01": 0.0005855474737472832, "layer02": 0.0005660650786012411, "layer03": 0.0005687977536581457, "layer04": 0.0006374020013026893, "layer05": 0.0006680615479126573, "layer06": 0.0007102469680830836, "layer07": 0.00068617460783571, "layer08": 0.0005188133218325675, "layer09": 0.000299924926366657, "layer10": 0.00017186152399517596, "layer11": 0.00010316288535250351, "head": 0.00036321772495284677}, "wall_s": 136.89632940292358}