{"task": "cola", "mode": "wh", "lr": 1e-05, "wd": 0.001, "seed": 3, "val_metric": [0.0, 0.0, 0.2677734710605218, 0.3508937950466868, 0.3883727168442722, 0.42432694712156455, 0.41529010743174977, 0.4198484643527787, 0.4140033972035735, 0.43624361512112764], "train_loss": [0.6199771906457731, 0.6046571711550898, 0.5660338412914703, 0.4952874753012586, 0.42817118018865585, 0.37174376978803036, 0.31205717485342455, 0.27641642560709767, 0.24987460050120283, 0.2312489523371654], "best_metric": 0.43624361512112764, "final_metric": 0.43624361512112764, "dhat_by_layer": {"embeddings": 9.99999993922529e-09, "layer00": 0.0005862571997568011, "layer01": 0.0005646342178806663, "layer02": 0.0005328954430297017, "layer03": 0.0005621254094876349, "layer04": 0.0005970631027594209, "layer05": 0.000582138542085886, "layer06": 0.000542547320947051, "layer07": 0.0005057076341472566, "layer08": 0.00037757543032057583, "layer09": 0.00021259124332573265, "layer10": 0.00014446250861510634, "layer11": 8.943228021962568e-05, "head": 0.00029963196720927954}, "wall_s": 138.09702610969543}