{"task": "cola", "mode": "l2", "lr": 3e-05, "wd": 0.1, "seed": 0, "val_metric": [0.0, 0.0, 0.0, 0.0, 0.0, 0.0, 0.0, 0.0, 0.0, 0.0], "train_loss": [0.6384486380352903, 0.6094031749821421, 0.6086454411495977, 0.609311915155667, 0.6101025416335063, 0.6111475571767607, 0.6104174453153539, 0.6095748445880946, 0.6090163532922517, 0.6092608519899312], "best_metric": 0.0, "final_metric": 0.0, "dhat_by_layer": {"embeddings": 0.004958094097673893, "layer00": 0.0009020253201015294, "layer01": 0.0009244586690329015, "layer02": 0.0009485799819231033, "layer03": 0.0009449999779462814, "layer04": 0.0008547958568669856, "layer05": 0.0007994681946001947, "layer06": 0.0008478136151097715, "layer07": 0.0008298128377646208, "layer08": 0.0008521117269992828, "layer09": 0.0007981389062479138, "layer10": 0.0007518153288401663, "layer11": 0.000718103488907218, "head": 0.0003555590519681573}, "wall_s": 136.3470540046692}