{"task": "cola", "mode": "w", "lr": 2e-05, "wd": 0.01, "seed": 3, "val_metric": [0.5510914449192472, 0.5678651899742106, 0.6105374636148787, 0.5807484475986369, 0.6240838974095094, 0.6006378318734895, 0.6157593279004692, 0.6282530013172366, 0.6007221525351318, 0.5930551868478077], "train_loss": [0.5385981744794703, 0.35662550456933123, 0.23843489809712368, 0.1609122079254976, 0.11174273738679268, 0.07901007775738557, 0.060788236287380774, 0.04610573465643979, 0.03742004675206853, 0.03048369243963441], "best_metric": 0.6282530013172366, "final_metric": 0.5930551868478077, "dhat_by_layer": {"embeddings": 9.99999993922529e-09, "layer00": 0.0005650710663758218, "layer01": 0.0005662463372573256, "layer02": 0.0005660482565872371, "layer03": 0.0005550603964366019, "layer04": 0.0005614060792140663, "layer05": 0.0005248310044407845, "layer06": 0.0004834559513255954, "layer07": 0.00041514000622555614, "layer08": 0.0002899827086366713, "layer09": 0.0001753261312842369, "layer10": 0.00011154230742249638, "layer11": 5.774120654677972e-05, "head": 0.00018680028733797371}, "wall_s": 135.73676538467407}