{"task": "cola", "mode": "wh", "lr": 1e-05, "wd": 0.001, "seed": 2, "val_metric": [0.0, 0.32895766522781905, 0.42503657663182115, 0.4325361404942557, 0.43428613653509085, 0.44944855113368687, 0.4011629177969771, 0.4276247641425646, 0.4336971362641912, 0.4323842678892987], "train_loss": [0.6221381799498601, 0.5474579492166861, 0.458796186011229, 0.3761635811916038, 0.30832484028121426, 0.2561093487623912, 0.21670108055000875, 0.18560400236842792, 0.16239715696298587, 0.1493374088296055], "best_metric": 0.44944855113368687, "final_metric": 0.4323842678892987, "dhat_by_layer": {"embeddings": 9.99999993922529e-09, "layer00": 0.0005640180315822363, "layer01": 0.0005543265142478049, "layer02": 0.0005679192836396396, "layer03": 0.0005605889018625021, "layer04": 0.0006068801158107817, "layer05": 0.0006299818051047623, "layer06": 0.0006358699756674469, "layer07": 0.0006268120487220585, "layer08": 0.0004913798184134066, "layer09": 0.00031902745831757784, "layer10": 0.00019335169054102153, "layer11": 0.00011467264266684651, "head": 0.0003515712160151452}, "wall_s": 133.87409734725952}