{
 "rte": {
  "l2": [
   0.6873646209386282,
   0.027564778583135104
  ],
  "w": [
   0.7220216606498194,
   0.10899299017653812
  ],
  "wh": [
   0.5342960288808664,
   0.012505782004107404
  ]
 },
 "mrpc": {
  "l2": [
   0.9203102602571913,
   0.004999623725503362
  ],
  "w": [
   0.9246620306219835,
   0.006279709277557077
  ],
  "wh": [
   0.8933165114712273,
   0.007947314426449944
  ]
 },
 "cola": {
  "l2": [
   0.5947051669208359,
   0.012005341381085576
  ],
  "w": [
   0.6431737762628877,
   0.016368178444756003
  ],
  "wh": [
   0.465216155520008,
   0.023753603676775686
  ]
 },
 "stsb": {
  "l2": [
   0.9023623168298244,
   0.002979937383260731
  ],
  "w": [
   0.907220043781588,
   0.0018523601112590414
  ],
  "wh": [
   0.7705500532009071,
   0.005990258073715533
  ]
 }
}