{"task": "mrpc", "mode": "l2", "lr": 3e-05, "wd": 0.01, "seed": 3, "val_metric": [0.8648648648648649, 0.9271758436944938, 0.8884892086330936, 0.9074733096085409, 0.8869257950530035, 0.8966666666666666, 0.8888888888888888, 0.8976660682226212, 0.9029982363315696, 0.9012567324955116], "train_loss": [0.5854615252950918, 0.3964548276818317, 0.2755214774090311, 0.19313561190729556, 0.1176002139630525, 0.09015777007393215, 0.06107110977172851, 0.04465049764384394, 0.025724204985991768, 0.015069515808768894], "best_metric": 0.9271758436944938, "final_metric": 0.9012567324955116, "dhat_by_layer": {"embeddings": 0.0005559917190112174, "layer00": 0.0006106371874921024, "layer01": 0.000639323377981782, "layer02": 0.0006734555936418474, "layer03": 0.000655901210848242, "layer04": 0.0006153774447739124, "layer05": 0.0005524936714209616, "layer06": 0.00038446582038886845, "layer07": 0.0002890851174015552, "layer08": 0.00024169259995687753, "layer09": 0.00021318072685971856, "layer10": 0.00020505470456555486, "layer11": 0.00016912506544031203, "head": 0.0002380041842116043}, "wall_s": 119.63987469673157}