{"task": "mrpc", "mode": "w", "lr": 2e-05, "wd": 0.01, "seed": 0, "val_metric": [0.8712241653418124, 0.9042016806722689, 0.9163636363636364, 0.8893129770992366, 0.9208103130755064, 0.9294755877034359, 0.918825561312608, 0.920863309352518, 0.9271758436944938, 0.9297297297297298], "train_loss": [0.5437687086022418, 0.3376106469527535, 0.19290885717972464, 0.10017259950223176, 0.0490326622258062, 0.03057320480761321, 0.024141750905824745, 0.013135587132495383, 0.007098485594210418, 0.00805420072182365], "best_metric": 0.9297297297297298, "final_metric": 0.9297297297297298, "dhat_by_layer": {"embeddings": 9.99999993922529e-09, "layer00": 0.0004939164500683546, "layer01": 0.0004970292211510241, "layer02": 0.0005346430698409677, "layer03": 0.0005658298032358289, "layer04": 0.0005691304104402661, "layer05": 0.0005147368065081537, "layer06": 0.0003411848738323897, "layer07": 0.00020534808572847396, "layer08": 0.0001350017701042816, "layer09": 9.56117146415636e-05, "layer10": 7.68356621847488e-05, "layer11": 5.264918218017556e-05, "head": 0.00022612701286561787}, "wall_s": 118.50448942184448}