{"task": "mrpc", "mode": "w", "lr": 1e-05, "wd": 0.1, "seed": 0, "val_metric": [0.8798646362098139, 0.8955223880597015, 0.9073724007561437, 0.9169675090252708, 0.9183303085299456, 0.9238938053097345, 0.9214285714285714, 0.9184397163120568, 0.9244288224956063, 0.9203539823008849], "train_loss": [0.564279788473378, 0.3397939847863239, 0.22730216565339462, 0.1520082204238228, 0.09005145404649817, 0.05991395556408426, 0.047351051413494605, 0.03384991417760434, 0.02455090854478919, 0.02619634192922841], "best_metric": 0.9244288224956063, "final_metric": 0.9203539823008849, "dhat_by_layer": {"embeddings": 9.99999993922529e-09, "layer00": 0.000592438445892185, "layer01": 0.0006099644233472645, "layer02": 0.0006686910637654364, "layer03": 0.0007221905398182571, "layer04": 0.0007629202445968986, "layer05": 0.0006945054628886282, "layer06": 0.00044767107465304434, "layer07": 0.00029351652483455837, "layer08": 0.00020602656877599657, "layer09": 0.00014481002290267497, "layer10": 0.00010712363291531801, "layer11": 8.35573737276718e-05, "head": 0.00036400320823304355}, "wall_s": 118.58855986595154}