{"task": "mrpc", "mode": "w", "lr": 3e-05, "wd": 0.1, "seed": 4, "val_metric": [0.8538011695906432, 0.8785942492012779, 0.9128919860627178, 0.9171075837742504, 0.9125214408233276, 0.9261261261261261, 0.9206349206349206, 0.9219600725952813, 0.9187279151943463, 0.9168141592920354], "train_loss": [0.5341075233791186, 0.34777899203093154, 0.2223577229872994, 0.11847799757252568, 0.057864072011864706, 0.032972254960433295, 0.03144626617431641, 0.020364989405092987, 0.019033295175303583, 0.009059081388556439], "best_metric": 0.9261261261261261, "final_metric": 0.9168141592920354, "dhat_by_layer": {"embeddings": 9.99999993922529e-09, "layer00": 0.0005814706673845649, "layer01": 0.0006026242044754326, "layer02": 0.000631355622317642, "layer03": 0.0006344871362671256, "layer04": 0.0005857431096956134, "layer05": 0.00044434639858081937, "layer06": 0.0002638931036926806, "layer07": 0.00013529045099858195, "layer08": 8.045612048590556e-05, "layer09": 5.428325675893575e-05, "layer10": 4.733840250992216e-05, "layer11": 4.4075124606024474e-05, "head": 0.0002548991469666362}, "wall_s": 119.06849098205566}