{"task": "mrpc", "mode": "l2", "lr": 2e-05, "wd": 0.1, "seed": 0, "val_metric": [0.8122270742358079, 0.8727272727272727, 0.8446215139442231, 0.8842105263157894, 0.8619402985074627, 0.8831168831168831, 0.886986301369863, 0.8825503355704698, 0.8833333333333333, 0.8813559322033898], "train_loss": [0.6481739873471467, 0.495635986328125, 0.38859370687733524, 0.34234531236731486, 0.31610174593718154, 0.2903691333273183, 0.27780237612516984, 0.2559486306231955, 0.23751996496449346, 0.20579313402590543], "best_metric": 0.886986301369863, "final_metric": 0.8813559322033898, "dhat_by_layer": {"embeddings": 0.006181987468153238, "layer00": 0.0019721640273928642, "layer01": 0.0020085538271814585, "layer02": 0.0021310560405254364, "layer03": 0.0021912858355790377, "layer04": 0.002153982874006033, "layer05": 0.0021226194221526384, "layer06": 0.0018202870851382613, "layer07": 0.0016925148665904999, "layer08": 0.0016615345375612378, "layer09": 0.001545232837088406, "layer10": 0.0014236668357625604, "layer11": 0.0013302656589075923, "head": 0.0010034473380073905}, "wall_s": 120.60293650627136}