{"task": "mrpc", "mode": "wh", "lr": 1e-05, "wd": 0.001, "seed": 4, "val_metric": [0.8263473053892215, 0.8465266558966075, 0.8664383561643836, 0.8582089552238806, 0.8765652951699463, 0.8722627737226277, 0.8850174216027874, 0.8655616942909761, 0.8648648648648649, 0.8714285714285714], "train_loss": [0.6317749686863111, 0.5423269686491593, 0.4203816952912704, 0.31538845145184063, 0.21619928401449454, 0.15827409288157587, 0.1036765077839727, 0.07170301002004872, 0.05273860226506772, 0.04271844366322393], "best_metric": 0.8850174216027874, "final_metric": 0.8714285714285714, "dhat_by_layer": {"embeddings": 9.99999993922529e-09, "layer00": 0.0007082231459207833, "layer01": 0.0007779377629049122, "layer02": 0.0008230827515944839, "layer03": 0.0008428167784586549, "layer04": 0.0008820894290693104, "layer05": 0.0008353873272426426, "layer06": 0.0005155983963049948, "layer07": 0.00030359544325619936, "layer08": 0.00019584156689234078, "layer09": 0.00015427664038725197, "layer10": 0.00012189790140837431, "layer11": 9.256320481654257e-05, "head": 0.00032898111385293305}, "wall_s": 120.0846962928772}