{"task": "mrpc", "mode": "wh", "lr": 1e-05, "wd": 0.001, "seed": 0, "val_metric": [0.8396694214876033, 0.8733766233766234, 0.851145038167939, 0.8945578231292517, 0.8661710037174721, 0.8881118881118881, 0.8686514886164624, 0.8808290155440415, 0.8777969018932874, 0.8858131487889274], "train_loss": [0.6063866656759511, 0.46126130145529043, 0.35214382669200067, 0.2694726114687712, 0.18752380039380945, 0.13514495725217074, 0.08823008122651474, 0.08229889869689941, 0.05294648149739141, 0.04352047754370648], "best_metric": 0.8945578231292517, "final_metric": 0.8858131487889274, "dhat_by_layer": {"embeddings": 9.99999993922529e-09, "layer00": 0.0007426511729136109, "layer01": 0.0008444383856840432, "layer02": 0.0008872672915458679, "layer03": 0.0009263864485546947, "layer04": 0.0009944414487108588, "layer05": 0.0009516538120806217, "layer06": 0.0006035674596205354, "layer07": 0.0003305512946099043, "layer08": 0.00021362435654737055, "layer09": 0.00015193046419881284, "layer10": 0.00011985958553850651, "layer11": 8.762854122323915e-05, "head": 0.0004049028211738914}, "wall_s": 119.71682548522949}