{"task": "mrpc", "mode": "w", "lr": 3e-05, "wd": 0.1, "seed": 3, "val_metric": [0.9072164948453608, 0.8981818181818182, 0.91651865008881, 0.9117117117117117, 0.9071428571428571, 0.9005059021922428, 0.9153713298791019, 0.9084628670120898, 0.9097222222222222, 0.9187279151943463], "train_loss": [0.5423692786175272, 0.3547127931014351, 0.21159489673116932, 0.12964440014051354, 0.0710537226303764, 0.03742326135220735, 0.03110715669134389, 0.02031649973081506, 0.01005408297414365, 0.007788258531819219], "best_metric": 0.9187279151943463, "final_metric": 0.9187279151943463, "dhat_by_layer": {"embeddings": 9.99999993922529e-09, "layer00": 0.0005626931088045239, "layer01": 0.0005646791541948915, "layer02": 0.000608342292252928, "layer03": 0.0006075624842196703, "layer04": 0.0005824108957313001, "layer05": 0.00047646177699789405, "layer06": 0.0002784380631055683, "layer07": 0.0001652563369134441, "layer08": 0.00010079249477712438, "layer09": 7.463103247573599e-05, "layer10": 6.553739513037726e-05, "layer11": 4.386924774735235e-05, "head": 0.0001847862295107916}, "wall_s": 118.45351099967957}