{"task": "mrpc", "mode": "l2", "lr": 3e-05, "wd": 0.01, "seed": 2, "val_metric": [0.8432835820895522, 0.9141856392294221, 0.9129662522202486, 0.9035714285714286, 0.9009345794392524, 0.8812949640287769, 0.8664122137404581, 0.9001751313485113, 0.9137931034482759, 0.9029982363315696], "train_loss": [0.6100554093070653, 0.40969346917193866, 0.2780433530392854, 0.1757552603016729, 0.12263619277788246, 0.08282491797986238, 0.05087313289227693, 0.039007992848106056, 0.02188646417597066, 0.015105890579845594], "best_metric": 0.9141856392294221, "final_metric": 0.9029982363315696, "dhat_by_layer": {"embeddings": 0.0005554056260734797, "layer00": 0.0006097701261751354, "layer01": 0.0006273597246035933, "layer02": 0.0006548305391333997, "layer03": 0.0006215475732460618, "layer04": 0.0006102464394643903, "layer05": 0.0005877197836525738, "layer06": 0.00042640778701752424, "layer07": 0.0003251747984904796, "layer08": 0.0002658539451658726, "layer09": 0.00023017669445835054, "layer10": 0.000202508905204013, "layer11": 0.00016790440713521093, "head": 0.0002276638406328857}, "wall_s": 120.46373248100281}