{"task": "mrpc", "mode": "l2", "lr": 2e-05, "wd": 0.01, "seed": 0, "val_metric": [0.8409785932721713, 0.8947368421052632, 0.8943396226415095, 0.8884826325411335, 0.9067164179104478, 0.9120287253141831, 0.9119170984455959, 0.9074410163339383, 0.9136690647482014, 0.9110320284697508], "train_loss": [0.5867589370064114, 0.3719674649445907, 0.2546522513679836, 0.16135537728019383, 0.0961868897728298, 0.05815788040990415, 0.04206057942431906, 0.031100308376809827, 0.016416426067766936, 0.013432114798089732], "best_metric": 0.9136690647482014, "final_metric": 0.9110320284697508, "dhat_by_layer": {"embeddings": 0.0006284104310907423, "layer00": 0.0006316251819953322, "layer01": 0.0006428847555071115, "layer02": 0.0006678213831037283, "layer03": 0.0006939343875274062, "layer04": 0.0007059458293952048, "layer05": 0.0006912557291798294, "layer06": 0.0005202420288696885, "layer07": 0.0004115021729376167, "layer08": 0.00034401071025058627, "layer09": 0.00029375922167673707, "layer10": 0.0002493217180017382, "layer11": 0.0002139856806024909, "head": 0.0003059972368646413}, "wall_s": 119.24846839904785}