{"task": "mrpc", "mode": "l2", "lr": 1e-05, "wd": 0.1, "seed": 0, "val_metric": [0.8122270742358079, 0.824773413897281, 0.87569573283859, 0.8754578754578755, 0.8662900188323918, 0.8976660682226212, 0.8981001727115717, 0.8929889298892989, 0.8969072164948454, 0.8908145580589255], "train_loss": [0.6661706012228261, 0.5660250456436821, 0.4575934036918308, 0.3813399770985479, 0.3476666657820992, 0.3097065718277641, 0.2892431756724482, 0.2702519375344981, 0.253695649686067, 0.23952274322509765], "best_metric": 0.8981001727115717, "final_metric": 0.8908145580589255, "dhat_by_layer": {"embeddings": 0.007024088874459267, "layer00": 0.002472071209922433, "layer01": 0.0025175348855555058, "layer02": 0.002631709212437272, "layer03": 0.002755846129730344, "layer04": 0.0027427165769040585, "layer05": 0.002647300949320197, "layer06": 0.0024261262733489275, "layer07": 0.0022975262254476547, "layer08": 0.0022862032055854797, "layer09": 0.00214781635440886, "layer10": 0.002027950482442975, "layer11": 0.001938343164511025, "head": 0.001324004726484418}, "wall_s": 119.6104154586792}