{"task": "mrpc", "mode": "w", "lr": 2e-05, "wd": 0.1, "seed": 0, "val_metric": [0.8862876254180602, 0.899505766062603, 0.9159212880143113, 0.9153153153153153, 0.903107861060329, 0.9162210338680927, 0.9192100538599641, 0.9225352112676056, 0.9238938053097345, 0.9236234458259325], "train_loss": [0.5187577786652938, 0.30516992237256924, 0.1808627522510031, 0.09382830288099206, 0.054353277579597806, 0.027526632599208668, 0.0200047026509824, 0.010667243729466978, 0.013488107919692993, 0.008252988950065945], "best_metric": 0.9238938053097345, "final_metric": 0.9236234458259325, "dhat_by_layer": {"embeddings": 9.99999993922529e-09, "layer00": 0.0005381520604714751, "layer01": 0.000540667271707207, "layer02": 0.0005786346737295389, "layer03": 0.0006005263421684504, "layer04": 0.0006040682201273739, "layer05": 0.0005359294009394944, "layer06": 0.00036438784445635974, "layer07": 0.0002312276337761432, "layer08": 0.00015165857621468604, "layer09": 0.00010255582310492173, "layer10": 7.465665112249553e-05, "layer11": 5.9123074606759474e-05, "head": 0.0002724866208154708}, "wall_s": 118.81340527534485}