{"task": "mrpc", "mode": "l2", "lr": 1e-05, "wd": 0.01, "seed": 0, "val_metric": [0.8385093167701864, 0.9005059021922428, 0.9026217228464419, 0.9216757741347905, 0.9046728971962616, 0.9133574007220217, 0.9126559714795008, 0.9134438305709024, 0.9087656529516994, 0.9113924050632911], "train_loss": [0.6318739517875339, 0.4185541235882303, 0.2908177500185759, 0.21383133763852327, 0.15003498326177184, 0.10069200888923976, 0.06636252403259277, 0.058211384648862094, 0.042855208853016726, 0.038432346219601836], "best_metric": 0.9216757741347905, "final_metric": 0.9113924050632911, "dhat_by_layer": {"embeddings": 0.0007138204528018832, "layer00": 0.0007708343327976763, "layer01": 0.0007684416486881673, "layer02": 0.0008155007963068783, "layer03": 0.0008668137015774846, "layer04": 0.0008919594692997634, "layer05": 0.0008417556528002024, "layer06": 0.00061302405083552, "layer07": 0.00047634963993914425, "layer08": 0.00041295995470136404, "layer09": 0.0003598435432650149, "layer10": 0.00031386135378852487, "layer11": 0.0002837961073964834, "head": 0.0004367820220068097}, "wall_s": 119.8486258983612}