{"task": "mrpc", "mode": "w", "lr": 3e-05, "wd": 0.1, "seed": 0, "val_metric": [0.8685897435897436, 0.8778135048231511, 0.9157509157509157, 0.9104204753199269, 0.888045540796964, 0.9347442680776014, 0.926829268292683, 0.9321428571428572, 0.9326241134751773, 0.9263157894736842], "train_loss": [0.538455465565557, 0.33605458218118417, 0.19691113596377166, 0.10031644883363143, 0.056012715464052946, 0.028524294625157896, 0.022100265129752782, 0.009940176943074102, 0.008528615469517916, 0.0078081181515818054], "best_metric": 0.9347442680776014, "final_metric": 0.9263157894736842, "dhat_by_layer": {"embeddings": 9.99999993922529e-09, "layer00": 0.000543420494068414, "layer01": 0.0005518040270544589, "layer02": 0.0005882444675080478, "layer03": 0.0006049512303434312, "layer04": 0.0005807963316328824, "layer05": 0.0004927520640194416, "layer06": 0.00031733530340716243, "layer07": 0.0001655175437917933, "layer08": 0.00010579812078503892, "layer09": 7.821968029020354e-05, "layer10": 6.419058627216145e-05, "layer11": 4.4432817958295345e-05, "head": 0.00020031932217534631}, "wall_s": 186.45985555648804}