{"task": "mrpc", "mode": "w", "lr": 1e-05, "wd": 0.01, "seed": 0, "val_metric": [0.8710217755443886, 0.9013157894736842, 0.9104477611940298, 0.925, 0.9094202898550725, 0.9162210338680927, 0.9162393162393162, 0.9154929577464789, 0.9192982456140351, 0.9200710479573713], "train_loss": [0.5686866428541101, 0.3537180444468623, 0.23659662993057914, 0.1579182832137398, 0.1004858576733133, 0.06162522150122601, 0.044940794032552966, 0.03759063326794168, 0.026264831294184145, 0.024281352499256965], "best_metric": 0.925, "final_metric": 0.9200710479573713, "dhat_by_layer": {"embeddings": 9.99999993922529e-09, "layer00": 0.0006399345584213734, "layer01": 0.0006442575249820948, "layer02": 0.0006945084896869957, "layer03": 0.0007432969869114459, "layer04": 0.0007905377424322069, "layer05": 0.0007028697291389108, "layer06": 0.00043910666136071086, "layer07": 0.0002863506379071623, "layer08": 0.0001987045252462849, "layer09": 0.00013375695561990142, "layer10": 9.977207810152322e-05, "layer11": 8.094467193586752e-05, "head": 0.0003768788301385939}, "wall_s": 118.66572642326355}