{"task": "mrpc", "mode": "l2", "lr": 3e-05, "wd": 0.1, "seed": 0, "val_metric": [0.8152492668621701, 0.8472440944881889, 0.8073022312373225, 0.892416225749559, 0.8794567062818336, 0.8598130841121495, 0.8667736757624398, 0.8709677419354839, 0.8608, 0.8659127625201939], "train_loss": [0.6388694431470788, 0.5026438505753227, 0.41256761965544325, 0.3956827080768088, 0.3797194439431895, 0.3639947393666143, 0.36301620732183043, 0.3397221689638884, 0.3270550603451936, 0.30011863708496095], "best_metric": 0.892416225749559, "final_metric": 0.8659127625201939, "dhat_by_layer": {"embeddings": 0.005413292907178402, "layer00": 0.0015822494169697165, "layer01": 0.0015706614358350635, "layer02": 0.001669867429882288, "layer03": 0.0017113557551056147, "layer04": 0.0016783691244199872, "layer05": 0.0016737639671191573, "layer06": 0.0013560689985752106, "layer07": 0.0012483150931075215, "layer08": 0.001208554022014141, "layer09": 0.001128072035498917, "layer10": 0.0010239093098789454, "layer11": 0.0009539637831039727, "head": 0.0008553260704502463}, "wall_s": 121.28597378730774}