{"task": "mrpc", "mode": "wh", "lr": 1e-05, "wd": 0.001, "seed": 1, "val_metric": [0.8201892744479495, 0.8644939965694682, 0.8861646234676007, 0.8795811518324608, 0.8862068965517241, 0.8761220825852782, 0.8658318425760286, 0.8822495606326889, 0.8865619546247818, 0.8771929824561403], "train_loss": [0.6152936852496603, 0.5050760352093241, 0.38147183293881626, 0.2950284709101138, 0.20944314002990722, 0.14845389075901197, 0.09608848716901697, 0.07694200329158617, 0.048595334135967755, 0.03379259679628455], "best_metric": 0.8865619546247818, "final_metric": 0.8771929824561403, "dhat_by_layer": {"embeddings": 9.99999993922529e-09, "layer00": 0.0007369571249000728, "layer01": 0.0008232368854805827, "layer02": 0.000881867075804621, "layer03": 0.0009089743834920228, "layer04": 0.0009581291815266013, "layer05": 0.0009165367810055614, "layer06": 0.0005570652429014444, "layer07": 0.0003039122966583818, "layer08": 0.00020236118871252984, "layer09": 0.00015613777213729918, "layer10": 0.0001299166033277288, "layer11": 9.137993038166314e-05, "head": 0.00030894874362275004}, "wall_s": 120.22648215293884}