{"task": "mrpc", "mode": "l2", "lr": 3e-05, "wd": 0.01, "seed": 4, "val_metric": [0.8698752228163993, 0.8929159802306426, 0.9170896785109983, 0.9090909090909091, 0.9046793760831889, 0.9119170984455959, 0.8949152542372881, 0.8959435626102292, 0.8958333333333334, 0.8952042628774423], "train_loss": [0.5711063385009766, 0.3920016247293224, 0.2833672440570334, 0.18856483749721362, 0.11269998239434284, 0.07851201917814171, 0.05981740122256072, 0.03386265816895858, 0.020670332597649617, 0.013594263014586076], "best_metric": 0.9170896785109983, "final_metric": 0.8952042628774423, "dhat_by_layer": {"embeddings": 0.0005548190674744546, "layer00": 0.0006140132318250835, "layer01": 0.000630078895483166, "layer02": 0.0006519359303638339, "layer03": 0.00064627337269485, "layer04": 0.0006349370814859867, "layer05": 0.0005628966609947383, "layer06": 0.0004257562104612589, "layer07": 0.000322807754855603, "layer08": 0.0002685037034098059, "layer09": 0.0002248068485641852, "layer10": 0.00018810432811733335, "layer11": 0.00016348948702216148, "head": 0.00026350884581916034}, "wall_s": 120.17413759231567}