{"task": "mrpc", "mode": "wh", "lr": 2e-05, "wd": 0.001, "seed": 0, "val_metric": [0.8320251177394035, 0.8642384105960265, 0.8024439918533605, 0.8566243194192378, 0.8513011152416357, 0.8621908127208481, 0.8657243816254417, 0.8659420289855072, 0.8723404255319149, 0.8672566371681416], "train_loss": [0.607157798435377, 0.4800514718760615, 0.3830609777699346, 0.28227272448332413, 0.1889322633328645, 0.1194824394972428, 0.08623446070629617, 0.04706964803778607, 0.03307034606518953, 0.028098334436831268], "best_metric": 0.8723404255319149, "final_metric": 0.8672566371681416, "dhat_by_layer": {"embeddings": 9.99999993922529e-09, "layer00": 0.0007082581869326532, "layer01": 0.0007802338222973049, "layer02": 0.0008466298459097743, "layer03": 0.0008370934519916773, "layer04": 0.0008707126253284514, "layer05": 0.0007938664639368653, "layer06": 0.0004653756623156369, "layer07": 0.00023895200865808874, "layer08": 0.00012881102156825364, "layer09": 9.760453394846991e-05, "layer10": 8.69974319357425e-05, "layer11": 5.585803955909796e-05, "head": 0.00021862509311176836}, "wall_s": 120.53328251838684}