{"task": "mrpc", "mode": "wh", "lr": 1e-05, "wd": 0.001, "seed": 3, "val_metric": [0.8314606741573034, 0.8805704099821747, 0.8916967509025271, 0.8936936936936937, 0.8876611418047882, 0.8846815834767642, 0.8888888888888888, 0.89568345323741, 0.893542757417103, 0.8942807625649913], "train_loss": [0.6097331171450407, 0.49546021171238114, 0.3800768976626189, 0.2807272372038468, 0.21719841957092284, 0.153732997438182, 0.10878596824148427, 0.08320531119471011, 0.06181950828303461, 0.04595507694327313], "best_metric": 0.89568345323741, "final_metric": 0.8942807625649913, "dhat_by_layer": {"embeddings": 9.99999993922529e-09, "layer00": 0.0007031962741166353, "layer01": 0.0007975343614816666, "layer02": 0.0008406165870837867, "layer03": 0.000876633741427213, "layer04": 0.0009370342595502734, "layer05": 0.0008754887385293841, "layer06": 0.0006103435298427939, "layer07": 0.00044030745630152524, "layer08": 0.00029957760125398636, "layer09": 0.00020721348118968308, "layer10": 0.0001695398532319814, "layer11": 9.891745867207646e-05, "head": 0.00036621707840822637}, "wall_s": 120.08811640739441}