{"task": "mrpc", "mode": "w", "lr": 3e-05, "wd": 0.1, "seed": 2, "val_metric": [0.8476190476190476, 0.9142857142857143, 0.9206349206349206, 0.9157894736842105, 0.9087779690189329, 0.9137931034482759, 0.8939393939393939, 0.9156193895870736, 0.9122807017543859, 0.9181494661921709], "train_loss": [0.5784611245860224, 0.39795251929241676, 0.225760787466298, 0.1041770313097083, 0.059594174053358, 0.035555095257966414, 0.025073709176934283, 0.015617970539175945, 0.006757158818452255, 0.0073881763478984], "best_metric": 0.9206349206349206, "final_metric": 0.9181494661921709, "dhat_by_layer": {"embeddings": 9.99999993922529e-09, "layer00": 0.0005889605963602662, "layer01": 0.000605522480327636, "layer02": 0.0006496298010461032, "layer03": 0.0006344334105961025, "layer04": 0.0005712836282327771, "layer05": 0.0004553290200419724, "layer06": 0.0002716887684073299, "layer07": 0.00015079398872330785, "layer08": 8.353666635230184e-05, "layer09": 6.190973363118246e-05, "layer10": 5.618870636681095e-05, "layer11": 4.8384539695689455e-05, "head": 0.00024088034115266055}, "wall_s": 118.54388093948364}