{"task": "mrpc", "mode": "w", "lr": 3e-05, "wd": 0.1, "seed": 1, "val_metric": [0.8701298701298701, 0.9162393162393162, 0.9112627986348123, 0.9138840070298769, 0.9220103986135182, 0.9163636363636364, 0.9032258064516129, 0.921146953405018, 0.9230769230769231, 0.9176882661996497], "train_loss": [0.5512645721435547, 0.3441358939461086, 0.20952188657677692, 0.11380506287450376, 0.07606589275857677, 0.04328274208566417, 0.03244144398233165, 0.01642297299011894, 0.014332732428675112, 0.011416436278301736], "best_metric": 0.9230769230769231, "final_metric": 0.9176882661996497, "dhat_by_layer": {"embeddings": 9.99999993922529e-09, "layer00": 0.0005523041472770274, "layer01": 0.0005795834586024284, "layer02": 0.000607216265052557, "layer03": 0.0006118821911513805, "layer04": 0.0005566616891883314, "layer05": 0.00046254051267169416, "layer06": 0.00029493364854715765, "layer07": 0.0001786284556146711, "layer08": 0.00011193273530807346, "layer09": 7.744612958049402e-05, "layer10": 6.44736282993108e-05, "layer11": 5.340970164979808e-05, "head": 0.0002338147460250184}, "wall_s": 118.68844628334045}