{"task": "mrpc", "mode": "l2", "lr": 3e-05, "wd": 0.01, "seed": 0, "val_metric": [0.849445324881141, 0.8855721393034826, 0.9225225225225225, 0.85546875, 0.8786127167630058, 0.8972602739726028, 0.900709219858156, 0.8980322003577818, 0.8991150442477877, 0.8964285714285715], "train_loss": [0.5814566239066746, 0.37235543624214507, 0.2601705095042353, 0.17409164179926334, 0.11185256087261697, 0.08693852424621581, 0.05508110575054003, 0.029197246095408563, 0.01686502772828807, 0.01369465770928756], "best_metric": 0.9225225225225225, "final_metric": 0.8964285714285715, "dhat_by_layer": {"embeddings": 0.0005559917190112174, "layer00": 0.0006696137133985758, "layer01": 0.000681726960465312, "layer02": 0.0006985226063989103, "layer03": 0.000687582534737885, "layer04": 0.0006649642600677907, "layer05": 0.0006100896862335503, "layer06": 0.00044662959408015013, "layer07": 0.00031835990375839174, "layer08": 0.0002630024973768741, "layer09": 0.0002236069121863693, "layer10": 0.00018481723964214325, "layer11": 0.00016098791093099862, "head": 0.0002786155673675239}, "wall_s": 120.61262822151184}