{"task": "mrpc", "mode": "l2", "lr": 3e-05, "wd": 0.01, "seed": 1, "val_metric": [0.8909090909090909, 0.9205776173285198, 0.9192982456140351, 0.91651865008881, 0.9117117117117117, 0.8981818181818182, 0.8947368421052632, 0.9001751313485113, 0.8913043478260869, 0.9039145907473309], "train_loss": [0.5817608543064283, 0.3781464535257091, 0.2597975606503694, 0.16753637894340184, 0.11822428495987602, 0.06801888994548631, 0.06892448404560918, 0.047624830577684484, 0.035454994699229365, 0.021817355570585832], "best_metric": 0.9205776173285198, "final_metric": 0.9039145907473309, "dhat_by_layer": {"embeddings": 0.0005565779865719378, "layer00": 0.0006396485259756446, "layer01": 0.000672282709274441, "layer02": 0.0006960206665098667, "layer03": 0.0006717464420944452, "layer04": 0.0006424974417313933, "layer05": 0.0005983957671560347, "layer06": 0.0004384634376037866, "layer07": 0.0003356222587171942, "layer08": 0.00027443908038549125, "layer09": 0.00023754323774483055, "layer10": 0.00021098548313602805, "layer11": 0.00017152880900539458, "head": 0.00023783149663358927}, "wall_s": 119.77909874916077}