{"task": "mrpc", "mode": "wh", "lr": 1e-05, "wd": 0.001, "seed": 2, "val_metric": [0.8228228228228228, 0.8548387096774194, 0.8830715532286213, 0.9047619047619048, 0.8690909090909091, 0.8892794376098418, 0.8651685393258427, 0.8904593639575972, 0.8927943760984183, 0.8842105263157894], "train_loss": [0.6253851849099864, 0.5404729760211447, 0.411072009542714, 0.3140519432399584, 0.23435153753861138, 0.16486037917759108, 0.1275632796080216, 0.09068929734437362, 0.06517344143079674, 0.0548484408337137], "best_metric": 0.9047619047619048, "final_metric": 0.8842105263157894, "dhat_by_layer": {"embeddings": 9.99999993922529e-09, "layer00": 0.000776423083152622, "layer01": 0.0008570817881263793, "layer02": 0.0008881089743226767, "layer03": 0.0009247107664123178, "layer04": 0.0009541971958242357, "layer05": 0.0009010205394588411, "layer06": 0.0005642340402118862, "layer07": 0.00033912580693140626, "layer08": 0.00022583987447433174, "layer09": 0.00018629143596626818, "layer10": 0.0001593195047462359, "layer11": 9.870762005448341e-05, "head": 0.00033254383015446365}, "wall_s": 119.77564430236816}