{"task": "mrpc", "mode": "w", "lr": 3e-05, "wd": 0.01, "seed": 0, "val_metric": [0.8926174496644296, 0.8907014681892332, 0.9090909090909091, 0.9145907473309609, 0.8714011516314779, 0.9141856392294221, 0.9252669039145908, 0.9205776173285198, 0.9209138840070299, 0.9269162210338681], "train_loss": [0.5318571671195652, 0.34017774333124573, 0.19218292650969132, 0.11045970087466032, 0.05383010947186014, 0.04091812631358271, 0.026344019433726436, 0.0128063238185385, 0.009121445987535559, 0.007107183725937553], "best_metric": 0.9269162210338681, "final_metric": 0.9269162210338681, "dhat_by_layer": {"embeddings": 9.99999993922529e-09, "layer00": 0.0005079482216387987, "layer01": 0.000528057455085218, "layer02": 0.0005604609614238143, "layer03": 0.0005758794141001999, "layer04": 0.0005656132125295699, "layer05": 0.0004851914127357304, "layer06": 0.0003138626052532345, "layer07": 0.00017956169904209673, "layer08": 0.00010986420238623396, "layer09": 7.498329068766907e-05, "layer10": 5.802607483929023e-05, "layer11": 4.4188705942360684e-05, "head": 0.0002183419856010005}, "wall_s": 118.7938985824585}