{"task": "rte", "mode": "w", "lr": 3e-05, "wd": 0.01, "seed": 1, "val_metric": [0.4729241877256318, 0.5270758122743683, 0.6462093862815884, 0.7256317689530686, 0.7111913357400722, 0.7617328519855595, 0.776173285198556, 0.7689530685920578, 0.7617328519855595, 0.7689530685920578], "train_loss": [0.6974006849221694, 0.6944423577724359, 0.6551760160006009, 0.494795486330986, 0.2995659779661741, 0.14323216402091277, 0.08110961058320335, 0.02958131696169193, 0.01857416217143719, 0.010457628201364946], "best_metric": 0.776173285198556, "final_metric": 0.7689530685920578, "dhat_by_layer": {"embeddings": 9.99999993922529e-09, "layer00": 0.000609571288805455, "layer01": 0.000627758214250207, "layer02": 0.000653766212053597, "layer03": 0.0007113447645679116, "layer04": 0.0006802658899687231, "layer05": 0.0005610238295048475, "layer06": 0.0003558456664904952, "layer07": 0.00015342507686000317, "layer08": 9.360690455650911e-05, "layer09": 7.09304804331623e-05, "layer10": 6.51622613077052e-05, "layer11": 4.948036803398281e-05, "head": 0.00027061253786087036}, "wall_s": 85.0433599948883}