{"task": "rte", "mode": "l2", "lr": 1e-05, "wd": 0.01, "seed": 3, "val_metric": [0.4729241877256318, 0.49458483754512633, 0.4620938628158845, 0.48736462093862815, 0.4729241877256318, 0.6101083032490975, 0.6028880866425993, 0.6389891696750902, 0.6498194945848376, 0.6642599277978339], "train_loss": [0.6946697529309835, 0.6942252917931631, 0.6941777154421195, 0.6912513146033654, 0.6931072527017349, 0.690834084382424, 0.6763185942784334, 0.6414051544971955, 0.5977852061772958, 0.5686838785425211], "best_metric": 0.6642599277978339, "final_metric": 0.6642599277978339, "dhat_by_layer": {"embeddings": 0.0007407673401758075, "layer00": 0.0005099046393297613, "layer01": 0.0004972757888026536, "layer02": 0.0005198404542170465, "layer03": 0.000554084253963083, "layer04": 0.0005469369352795184, "layer05": 0.00048816888011060655, "layer06": 0.00041867082472890615, "layer07": 0.00037653910112567246, "layer08": 0.000363764789653942, "layer09": 0.0003391366917639971, "layer10": 0.0002890920441132039, "layer11": 0.000286219670670107, "head": 0.0004532754246611148}, "wall_s": 86.37354969978333}