{"task": "rte", "mode": "w", "lr": 3e-05, "wd": 0.01, "seed": 2, "val_metric": [0.555956678700361, 0.6534296028880866, 0.6209386281588448, 0.6642599277978339, 0.7364620938628159, 0.7075812274368231, 0.7184115523465704, 0.7220216606498195, 0.7148014440433214, 0.7220216606498195], "train_loss": [0.6958708935059034, 0.6842423658340405, 0.620941582780618, 0.49838497929083997, 0.3646421114412638, 0.23374200722154898, 0.11826869525397435, 0.08298799194968663, 0.035600063701470695, 0.026253800516804822], "best_metric": 0.7364620938628159, "final_metric": 0.7220216606498195, "dhat_by_layer": {"embeddings": 9.99999993922529e-09, "layer00": 0.0009119622991420329, "layer01": 0.0009217409533448517, "layer02": 0.0008896412909962237, "layer03": 0.0008611385710537434, "layer04": 0.0007697019027546048, "layer05": 0.0005297346506267786, "layer06": 0.00027437027893029153, "layer07": 0.00012873378000222147, "layer08": 8.128376794047654e-05, "layer09": 6.650467548752204e-05, "layer10": 6.580921763088554e-05, "layer11": 5.8085450291400775e-05, "head": 0.00030554874683730304}, "wall_s": 84.85998868942261}