{"task": "rte", "mode": "l2", "lr": 1e-05, "wd": 0.01, "seed": 0, "val_metric": [0.5270758122743683, 0.5270758122743683, 0.5270758122743683, 0.5270758122743683, 0.5667870036101083, 0.5812274368231047, 0.5848375451263538, 0.631768953068592, 0.6678700361010831, 0.6678700361010831], "train_loss": [0.6928213265461799, 0.6952023238707812, 0.6938947630234253, 0.6921380460262299, 0.6913176706204047, 0.6887994229029386, 0.6835934370756149, 0.663032414439397, 0.6297347629681612, 0.5918036435659115], "best_metric": 0.6678700361010831, "final_metric": 0.6678700361010831, "dhat_by_layer": {"embeddings": 0.0007378382724709809, "layer00": 0.00039796956116333604, "layer01": 0.00039258264587260783, "layer02": 0.0004078201891388744, "layer03": 0.0004392080591060221, "layer04": 0.0004508314887061715, "layer05": 0.0004277999105397612, "layer06": 0.0003618385817389935, "layer07": 0.00032162151183001697, "layer08": 0.0003105037903878838, "layer09": 0.00030422882991842926, "layer10": 0.0003005943726748228, "layer11": 0.00030287678237073123, "head": 0.0005117452819831669}, "wall_s": 85.82427835464478}