{"task": "rte", "mode": "w", "lr": 2e-05, "wd": 0.01, "seed": 0, "val_metric": [0.5667870036101083, 0.6534296028880866, 0.7111913357400722, 0.7148014440433214, 0.7472924187725631, 0.740072202166065, 0.7292418772563177, 0.7148014440433214, 0.7472924187725631, 0.7545126353790613], "train_loss": [0.6932460688627683, 0.6819734623034795, 0.5536815936748798, 0.33905217089714146, 0.1664190243404263, 0.08765732267728218, 0.050768647892161824, 0.0300712356200585, 0.014211603311242728, 0.009837287818439878], "best_metric": 0.7545126353790613, "final_metric": 0.7545126353790613, "dhat_by_layer": {"embeddings": 9.99999993922529e-09, "layer00": 0.0007735793478786945, "layer01": 0.0007553467294201255, "layer02": 0.0007651009946130216, "layer03": 0.0008039298700168729, "layer04": 0.0008247615769505501, "layer05": 0.0007071790168993175, "layer06": 0.00046604766976088285, "layer07": 0.0002670902758836746, "layer08": 0.00016818405129015446, "layer09": 0.00012852817599195987, "layer10": 0.0001062054798239842, "layer11": 6.115568976383656e-05, "head": 0.00023941467225085944}, "wall_s": 85.0494270324707}