{"task": "rte", "mode": "w", "lr": 3e-05, "wd": 0.1, "seed": 0, "val_metric": [0.6137184115523465, 0.6750902527075813, 0.7220216606498195, 0.7220216606498195, 0.7256317689530686, 0.7436823104693141, 0.7328519855595668, 0.740072202166065, 0.7581227436823105, 0.7472924187725631], "train_loss": [0.6923997146196854, 0.6435248740972617, 0.4838079550327399, 0.29630589485168457, 0.14311148149844927, 0.09291304930901298, 0.047514266232983805, 0.02675265685105935, 0.015091306123978052, 0.015277348573689755], "best_metric": 0.7581227436823105, "final_metric": 0.7472924187725631, "dhat_by_layer": {"embeddings": 9.99999993922529e-09, "layer00": 0.0008183065801858902, "layer01": 0.0008081733831204474, "layer02": 0.0008662329637445509, "layer03": 0.0008749240078032017, "layer04": 0.0008333063451573253, "layer05": 0.000670761161018163, "layer06": 0.00039639981696382165, "layer07": 0.00019288786279503256, "layer08": 0.00011377460759831592, "layer09": 8.07411051937379e-05, "layer10": 7.411349361063913e-05, "layer11": 4.927605914417654e-05, "head": 0.00021210925478953868}, "wall_s": 85.27414989471436}