{"task": "rte", "mode": "l2", "lr": 3e-05, "wd": 0.01, "seed": 0, "val_metric": [0.555956678700361, 0.5342960288808665, 0.5523465703971119, 0.5667870036101083, 0.5523465703971119, 0.5631768953068592, 0.5379061371841155, 0.5631768953068592, 0.5523465703971119, 0.5812274368231047], "train_loss": [0.6933045998597757, 0.6962618315831209, 0.6933665741712619, 0.6891961514185636, 0.6864721052921735, 0.6754596416766827, 0.665812448431284, 0.6337448706229528, 0.5506800138033353, 0.4695263447669836], "best_metric": 0.5812274368231047, "final_metric": 0.5812274368231047, "dhat_by_layer": {"embeddings": 0.0006350477342493832, "layer00": 0.0005040050600655377, "layer01": 0.00047196890227496624, "layer02": 0.00047389938845299184, "layer03": 0.00047703765449114144, "layer04": 0.00045565611799247563, "layer05": 0.0004096386837773025, "layer06": 0.0003108440723735839, "layer07": 0.00026070119929499924, "layer08": 0.00024154118727892637, "layer09": 0.00022424889903049916, "layer10": 0.00022486304806079715, "layer11": 0.0002205018390668556, "head": 0.000376337964553386}, "wall_s": 86.17805099487305}