{"task": "rte", "mode": "w", "lr": 3e-05, "wd": 0.01, "seed": 0, "val_metric": [0.631768953068592, 0.6750902527075813, 0.7472924187725631, 0.7256317689530686, 0.7942238267148014, 0.7364620938628159, 0.7436823104693141, 0.7725631768953068, 0.7581227436823105, 0.7617328519855595], "train_loss": [0.6927001953889163, 0.668432069512514, 0.5331178372487043, 0.30489866301799434, 0.15418609900352281, 0.07581906565106832, 0.0427986496540073, 0.03665290031737337, 0.015536341300526729, 0.014012423081275744], "best_metric": 0.7942238267148014, "final_metric": 0.7617328519855595, "dhat_by_layer": {"embeddings": 9.99999993922529e-09, "layer00": 0.0008283864590339363, "layer01": 0.0007704918971285224, "layer02": 0.0008143486338667572, "layer03": 0.000840393069665879, "layer04": 0.0008514200453646481, "layer05": 0.0007354370900429785, "layer06": 0.0004493900923989713, "layer07": 0.0002539054548833519, "layer08": 0.00015392167551908642, "layer09": 0.00010579526860965416, "layer10": 9.094523556996137e-05, "layer11": 5.65372065466363e-05, "head": 0.00022872560657560825}, "wall_s": 84.94808912277222}