{"task": "rte", "mode": "l2", "lr": 2e-05, "wd": 0.01, "seed": 0, "val_metric": [0.5270758122743683, 0.5270758122743683, 0.5487364620938628, 0.5631768953068592, 0.5740072202166066, 0.6389891696750902, 0.6462093862815884, 0.6064981949458483, 0.6534296028880866, 0.6425992779783394], "train_loss": [0.6930167957758292, 0.6952879295135156, 0.6943079240811176, 0.6887710961775902, 0.6829082782451923, 0.6511451135843228, 0.5834032889360037, 0.4668605021941356, 0.3473107557839308, 0.266998474414532], "best_metric": 0.6534296028880866, "final_metric": 0.6425992779783394, "dhat_by_layer": {"embeddings": 0.0006921349558979273, "layer00": 0.0006681488594040275, "layer01": 0.0006557181477546692, "layer02": 0.0007014598231762648, "layer03": 0.0007317004492506385, "layer04": 0.0007374082342721522, "layer05": 0.0007082201773300767, "layer06": 0.0005145627073943615, "layer07": 0.0004036887257825583, "layer08": 0.00036078804987482727, "layer09": 0.00033499920391477644, "layer10": 0.0003268078435212374, "layer11": 0.00028709121397696435, "head": 0.00047250636271201074}, "wall_s": 85.87975764274597}