{"task": "rte", "mode": "l2", "lr": 1e-05, "wd": 0.01, "seed": 1, "val_metric": [0.4729241877256318, 0.5270758122743683, 0.5740072202166066, 0.5884476534296029, 0.6137184115523465, 0.6642599277978339, 0.6714801444043321, 0.7003610108303249, 0.7075812274368231, 0.6895306859205776], "train_loss": [0.6963773285731291, 0.6935945951785797, 0.6926903357872596, 0.6901357796711799, 0.6659639015411719, 0.5813254137069751, 0.48793620558885425, 0.4044977040627064, 0.3316314698029787, 0.29361602587577623], "best_metric": 0.7075812274368231, "final_metric": 0.6895306859205776, "dhat_by_layer": {"embeddings": 0.0007476717582903802, "layer00": 0.0007564519764855504, "layer01": 0.0007603565463796258, "layer02": 0.0008504599682055414, "layer03": 0.0009640636271797121, "layer04": 0.0010335278930142522, "layer05": 0.0010193758644163609, "layer06": 0.0006713545881211758, "layer07": 0.0004889973206445575, "layer08": 0.0004178259987384081, "layer09": 0.0003911017847713083, "layer10": 0.0003561105113476515, "layer11": 0.00035320507595315576, "head": 0.0006302148685790598}, "wall_s": 86.10359692573547}