{"task": "rte", "mode": "l2", "lr": 1e-05, "wd": 0.1, "seed": 0, "val_metric": [0.5270758122743683, 0.5270758122743683, 0.5270758122743683, 0.5270758122743683, 0.5234657039711191, 0.5776173285198556, 0.5270758122743683, 0.5270758122743683, 0.5270758122743683, 0.5234657039711191], "train_loss": [0.6931391790127143, 0.6943993201622596, 0.6942683294033393, 0.6933887971517367, 0.693325257836244, 0.6931108522873658, 0.6941932092110316, 0.6936789487416928, 0.6929681239983975, 0.6929599860539803], "best_metric": 0.5776173285198556, "final_metric": 0.5234657039711191, "dhat_by_layer": {"embeddings": 0.00734665198251605, "layer00": 0.0025206555146723986, "layer01": 0.002565105678513646, "layer02": 0.002604737877845764, "layer03": 0.002598845399916172, "layer04": 0.0024459154810756445, "layer05": 0.0023486893624067307, "layer06": 0.0024356087669730186, "layer07": 0.0024039314594119787, "layer08": 0.0024430558551102877, "layer09": 0.0023465552367269993, "layer10": 0.0022618635557591915, "layer11": 0.0021942544262856245, "head": 0.0009607397951185703}, "wall_s": 86.38810014724731}