{"task": "rte", "mode": "w", "lr": 3e-05, "wd": 0.01, "seed": 3, "val_metric": [0.47653429602888087, 0.6606498194945848, 0.7436823104693141, 0.7292418772563177, 0.7436823104693141, 0.7509025270758123, 0.7184115523465704, 0.7472924187725631, 0.7725631768953068, 0.7689530685920578], "train_loss": [0.694534067160044, 0.6845793112730368, 0.5675583474147015, 0.4010247840331151, 0.23157691831390062, 0.1189953733760959, 0.06572623833870658, 0.04695001763936419, 0.030484408599873766, 0.018670986249045923], "best_metric": 0.7725631768953068, "final_metric": 0.7689530685920578, "dhat_by_layer": {"embeddings": 9.99999993922529e-09, "layer00": 0.0009126185323111713, "layer01": 0.000886428402736783, "layer02": 0.0008981441496871412, "layer03": 0.0009045236511155963, "layer04": 0.000864372297655791, "layer05": 0.000667779182549566, "layer06": 0.00034552483703009784, "layer07": 0.00013206785661168396, "layer08": 8.333443111041561e-05, "layer09": 6.398191180778667e-05, "layer10": 6.402657163562253e-05, "layer11": 4.911248106509447e-05, "head": 0.00023023893299978226}, "wall_s": 84.8771562576294}