{"task": "rte", "mode": "w", "lr": 1e-05, "wd": 0.1, "seed": 0, "val_metric": [0.5451263537906137, 0.628158844765343, 0.740072202166065, 0.7653429602888087, 0.7545126353790613, 0.7256317689530686, 0.7436823104693141, 0.740072202166065, 0.7581227436823105, 0.7509025270758123], "train_loss": [0.6934457631447376, 0.6850473647698377, 0.5461628842048156, 0.34586630112085587, 0.19344840050698855, 0.11560027171165133, 0.07052412124661107, 0.04896094768236463, 0.03694287874700072, 0.029943760236701332], "best_metric": 0.7653429602888087, "final_metric": 0.7509025270758123, "dhat_by_layer": {"embeddings": 9.99999993922529e-09, "layer00": 0.0007586268475279212, "layer01": 0.0007616063812747598, "layer02": 0.0008388361893594265, "layer03": 0.0009479063446633518, "layer04": 0.001020826050080359, "layer05": 0.0009672467713244259, "layer06": 0.0006700473604723811, "layer07": 0.000366962980479002, "layer08": 0.00024050232605077326, "layer09": 0.00018123554764315486, "layer10": 0.00014080328401178122, "layer11": 9.020794095704332e-05, "head": 0.00039343268144875765}, "wall_s": 85.11316347122192}