{"task": "rte", "mode": "wh", "lr": 2e-05, "wd": 0.001, "seed": 4, "val_metric": [0.4729241877256318, 0.4729241877256318, 0.5270758122743683, 0.5270758122743683, 0.4729241877256318, 0.5270758122743683, 0.5270758122743683, 0.4729241877256318, 0.5270758122743683, 0.5270758122743683], "train_loss": [0.6950112367287661, 0.6934517102363782, 0.6959568120730228, 0.6954984225523777, 0.6961770080603086, 0.6937709710536859, 0.6950924602838663, 0.6963485326522436, 0.6939861591045673, 0.6940666001576644], "best_metric": 0.5270758122743683, "final_metric": 0.5270758122743683, "dhat_by_layer": {"embeddings": 9.99999993922529e-09, "layer00": 6.738651336490875e-06, "layer01": 6.035470505594276e-06, "layer02": 5.387354121921817e-06, "layer03": 4.640258339350112e-06, "layer04": 4.500761860981584e-06, "layer05": 4.480898496694863e-06, "layer06": 3.89300021197414e-06, "layer07": 3.6220881156623363e-06, "layer08": 4.140052624279633e-06, "layer09": 6.276076874200953e-06, "layer10": 1.3165713426133152e-05, "layer11": 2.1158501112950034e-05, "head": 0.00013284441956784576}, "wall_s": 86.39669513702393}