{"task": "rte", "mode": "w", "lr": 2e-05, "wd": 0.1, "seed": 0, "val_metric": [0.5018050541516246, 0.6967509025270758, 0.7509025270758123, 0.7617328519855595, 0.7653429602888087, 0.7545126353790613, 0.7833935018050542, 0.7653429602888087, 0.7581227436823105, 0.7689530685920578], "train_loss": [0.6932276017390765, 0.6678086893680768, 0.49395426229024547, 0.2705041739421013, 0.13789227924858913, 0.06571998313451424, 0.03524340085464363, 0.02265652663146074, 0.01743151606672491, 0.009244262560969219], "best_metric": 0.7833935018050542, "final_metric": 0.7689530685920578, "dhat_by_layer": {"embeddings": 9.99999993922529e-09, "layer00": 0.0007354961126111448, "layer01": 0.0007248870679177344, "layer02": 0.0007833740091882646, "layer03": 0.0008608729694969952, "layer04": 0.0008990325732156634, "layer05": 0.0007676044479012489, "layer06": 0.00046103590284474194, "layer07": 0.00022359014838002622, "layer08": 0.0001376419677399099, "layer09": 0.00010386491339886561, "layer10": 9.003980085253716e-05, "layer11": 5.494590004673228e-05, "head": 0.00022955675376579165}, "wall_s": 85.94317603111267}