{"task": "rte", "mode": "wh", "lr": 2e-05, "wd": 0.001, "seed": 1, "val_metric": [0.4729241877256318, 0.5270758122743683, 0.5270758122743683, 0.4729241877256318, 0.4729241877256318, 0.5270758122743683, 0.5270758122743683, 0.4729241877256318, 0.4729241877256318, 0.4729241877256318], "train_loss": [0.6968834510980508, 0.6952699319674418, 0.6953387921437238, 0.69523252814244, 0.6948054387019231, 0.6941609699756671, 0.6925665438175201, 0.695663686746206, 0.6947027742862701, 0.6950201571751864], "best_metric": 0.5270758122743683, "final_metric": 0.4729241877256318, "dhat_by_layer": {"embeddings": 9.99999993922529e-09, "layer00": 1.546487328596413e-05, "layer01": 1.1039832315873355e-05, "layer02": 8.529879778507166e-06, "layer03": 5.447355761134531e-06, "layer04": 4.019110292574624e-06, "layer05": 3.5965085771749727e-06, "layer06": 3.3717653877829434e-06, "layer07": 3.4980328109668335e-06, "layer08": 4.016796083305962e-06, "layer09": 6.1902137531433254e-06, "layer10": 1.2972718650416937e-05, "layer11": 2.189299812016543e-05, "head": 0.000146501261042431}, "wall_s": 86.25829792022705}