{"task": "rte", "mode": "l2", "lr": 1e-05, "wd": 0.01, "seed": 2, "val_metric": [0.5270758122743683, 0.5523465703971119, 0.5487364620938628, 0.5054151624548736, 0.555956678700361, 0.6389891696750902, 0.6714801444043321, 0.6570397111913358, 0.6714801444043321, 0.6714801444043321], "train_loss": [0.6946508162296735, 0.6926377514998118, 0.6929031763321314, 0.6912860576158915, 0.6888343225686978, 0.6761163175106049, 0.62425247579813, 0.5564163012000231, 0.48573193680017424, 0.4355078087403224], "best_metric": 0.6714801444043321, "final_metric": 0.6714801444043321, "dhat_by_layer": {"embeddings": 0.0007428487297147512, "layer00": 0.0005981222493574023, "layer01": 0.0005882590194232762, "layer02": 0.0006421439466066658, "layer03": 0.0007034484879113734, "layer04": 0.0007463897345587611, "layer05": 0.0007279680576175451, "layer06": 0.0005160595756024122, "layer07": 0.00041078441427089274, "layer08": 0.0003689345030579716, "layer09": 0.00035258173011243343, "layer10": 0.0003495645069051534, "layer11": 0.000350429501850158, "head": 0.0006038052379153669}, "wall_s": 86.20839619636536}