{"task": "rte", "mode": "l2", "lr": 1e-05, "wd": 0.01, "seed": 4, "val_metric": [0.5270758122743683, 0.4729241877256318, 0.5776173285198556, 0.592057761732852, 0.6245487364620939, 0.7111913357400722, 0.7184115523465704, 0.7111913357400722, 0.7256317689530686, 0.7256317689530686], "train_loss": [0.6943882084809817, 0.6917247283153045, 0.6938924155174158, 0.6904777330465806, 0.6637182380908575, 0.5809989732045394, 0.485611529304431, 0.38150780017559344, 0.3089623573498848, 0.2643825775728776], "best_metric": 0.7256317689530686, "final_metric": 0.7256317689530686, "dhat_by_layer": {"embeddings": 0.0007486884132958949, "layer00": 0.0007952824234962463, "layer01": 0.0008116129320114851, "layer02": 0.000889430521056056, "layer03": 0.0009721271926537156, "layer04": 0.0010013508144766092, "layer05": 0.0009858268313109875, "layer06": 0.0007243943400681019, "layer07": 0.0005401186645030975, "layer08": 0.00046872434904798865, "layer09": 0.0004130589950364083, "layer10": 0.0003622877411544323, "layer11": 0.0003457222192082554, "head": 0.000616147939581424}, "wall_s": 86.16204929351807}