{"task": "rte", "mode": "wh", "lr": 2e-05, "wd": 0.001, "seed": 2, "val_metric": [0.5270758122743683, 0.4729241877256318, 0.5270758122743683, 0.4729241877256318, 0.5270758122743683, 0.5270758122743683, 0.4729241877256318, 0.5270758122743683, 0.4729241877256318, 0.555956678700361], "train_loss": [0.6956660342522156, 0.6941903921274039, 0.6947386131072656, 0.6945583247221433, 0.6952816694974899, 0.6947181114019492, 0.6934318347619131, 0.6943149665991465, 0.6942586264549158, 0.6946304711775902], "best_metric": 0.555956678700361, "final_metric": 0.555956678700361, "dhat_by_layer": {"embeddings": 9.99999993922529e-09, "layer00": 1.659577537793666e-05, "layer01": 1.1737028216884937e-05, "layer02": 9.296773896494415e-06, "layer03": 6.324270998447901e-06, "layer04": 4.410503606777638e-06, "layer05": 3.859441676468123e-06, "layer06": 3.632754442151054e-06, "layer07": 3.652396344477893e-06, "layer08": 4.216449724481208e-06, "layer09": 6.315901373454835e-06, "layer10": 1.2600069567270111e-05, "layer11": 2.181319723604247e-05, "head": 0.00012995350698474795}, "wall_s": 86.3661060333252}