{"task": "rte", "mode": "wh", "lr": 1e-05, "wd": 0.001, "seed": 0, "val_metric": [0.5270758122743683, 0.5270758122743683, 0.5270758122743683, 0.5270758122743683, 0.49458483754512633, 0.48014440433212996, 0.5270758122743683, 0.5270758122743683, 0.5270758122743683, 0.5270758122743683], "train_loss": [0.6937323155311438, 0.6945511255508814, 0.6944724057729428, 0.6941302961263901, 0.6936689328688842, 0.6941475111704606, 0.6955722906650641, 0.6951400366349098, 0.6940066608098837, 0.6940279446351223], "best_metric": 0.5270758122743683, "final_metric": 0.5270758122743683, "dhat_by_layer": {"embeddings": 9.99999993922529e-09, "layer00": 5.834666353621287e-06, "layer01": 5.489355316967703e-06, "layer02": 5.264312676445115e-06, "layer03": 4.809728125110269e-06, "layer04": 5.095292181067634e-06, "layer05": 5.083241376269143e-06, "layer06": 3.92606216337299e-06, "layer07": 3.72670160686539e-06, "layer08": 4.581019311444834e-06, "layer09": 6.980129455769202e-06, "layer10": 1.3808890798827633e-05, "layer11": 1.9727736798813567e-05, "head": 0.00012749721645377576}, "wall_s": 86.12386226654053}