{"task": "rte", "mode": "w", "lr": 1e-05, "wd": 0.01, "seed": 0, "val_metric": [0.5487364620938628, 0.6570397111913358, 0.740072202166065, 0.7689530685920578, 0.779783393501805, 0.776173285198556, 0.779783393501805, 0.776173285198556, 0.779783393501805, 0.779783393501805], "train_loss": [0.6933673566732651, 0.6769183427095413, 0.5256310781607261, 0.325367115629025, 0.19067495297162962, 0.09958561383283292, 0.05578108995448416, 0.06308607352025902, 0.02868174069907325, 0.024036888892834004], "best_metric": 0.779783393501805, "final_metric": 0.779783393501805, "dhat_by_layer": {"embeddings": 9.99999993922529e-09, "layer00": 0.0007651468622498214, "layer01": 0.0007692562066949904, "layer02": 0.0008476095390506089, "layer03": 0.0009430472855456173, "layer04": 0.0009997239103540778, "layer05": 0.0009339500102214515, "layer06": 0.0006768678431399167, "layer07": 0.0004012630379293114, "layer08": 0.00026192967197857797, "layer09": 0.00019459074246697128, "layer10": 0.00014845654368400574, "layer11": 0.00010296906839357689, "head": 0.00041045929538086057}, "wall_s": 84.87016248703003}