{"task": "rte", "mode": "l2", "lr": 3e-05, "wd": 0.1, "seed": 0, "val_metric": [0.5234657039711191, 0.5270758122743683, 0.5270758122743683, 0.5270758122743683, 0.48375451263537905, 0.5270758122743683, 0.5270758122743683, 0.5306859205776173, 0.5342960288808665, 0.5451263537906137], "train_loss": [0.6928468361879007, 0.6957517965481832, 0.6939232460199258, 0.6937601726788741, 0.6933358999399039, 0.6939378006336017, 0.6946298453288201, 0.6942717723357372, 0.6936611078488522, 0.6935934997521914], "best_metric": 0.5451263537906137, "final_metric": 0.5451263537906137, "dhat_by_layer": {"embeddings": 0.006260410416871309, "layer00": 0.0016478756442666054, "layer01": 0.001686076051555574, "layer02": 0.001722205663099885, "layer03": 0.0017170542851090431, "layer04": 0.00158274220302701, "layer05": 0.001498265191912651, "layer06": 0.0015736159402877092, "layer07": 0.0015459588030353189, "layer08": 0.0015799871180206537, "layer09": 0.0014963408466428518, "layer10": 0.0014227423816919327, "layer11": 0.0013658857205882668, "head": 0.0005340001662261784}, "wall_s": 86.52271127700806}