{"task": "rte", "mode": "wh", "lr": 2e-05, "wd": 0.001, "seed": 3, "val_metric": [0.4729241877256318, 0.5270758122743683, 0.4729241877256318, 0.5054151624548736, 0.4729241877256318, 0.4729241877256318, 0.4729241877256318, 0.5270758122743683, 0.5270758122743683, 0.4729241877256318], "train_loss": [0.6964460324782592, 0.6960522773174139, 0.6958884214743589, 0.6936370065579047, 0.6953934106307152, 0.6960288022573178, 0.6944312460911579, 0.6947254668443631, 0.6944569123861117, 0.6948752380334414], "best_metric": 0.5270758122743683, "final_metric": 0.4729241877256318, "dhat_by_layer": {"embeddings": 9.99999993922529e-09, "layer00": 1.0473089787410572e-05, "layer01": 8.508745850122068e-06, "layer02": 8.325941962539218e-06, "layer03": 7.927530532469973e-06, "layer04": 7.0023520493123215e-06, "layer05": 5.8273199101677164e-06, "layer06": 5.326758127921494e-06, "layer07": 5.7282600209873635e-06, "layer08": 5.855979452462634e-06, "layer09": 7.5192701842752285e-06, "layer10": 1.300435633311281e-05, "layer11": 2.0232395399943925e-05, "head": 0.00014205560728441924}, "wall_s": 86.28566980361938}