{"task": "rte", "mode": "wh", "lr": 3e-05, "wd": 0.001, "seed": 0, "val_metric": [0.4729241877256318, 0.5270758122743683, 0.5270758122743683, 0.5270758122743683, 0.5270758122743683, 0.5270758122743683, 0.5270758122743683, 0.5270758122743683, 0.5270758122743683, 0.5270758122743683], "train_loss": [0.694507462091935, NaN, NaN, NaN, NaN, NaN, NaN, NaN, NaN, NaN], "best_metric": 0.5270758122743683, "final_metric": 0.5270758122743683, "dhat_by_layer": {"embeddings": NaN, "layer00": NaN, "layer01": NaN, "layer02": NaN, "layer03": NaN, "layer04": NaN, "layer05": NaN, "layer06": NaN, "layer07": NaN, "layer08": NaN, "layer09": NaN, "layer10": NaN, "layer11": NaN, "head": NaN}, "wall_s": 86.071950674057}