{"task": "rte", "mode": "wh", "lr": 2e-05, "wd": 0.001, "seed": 0, "val_metric": [0.4729241877256318, 0.5270758122743683, 0.5270758122743683, 0.5270758122743683, 0.4981949458483754, 0.5270758122743683, 0.5270758122743683, 0.4729241877256318, 0.5270758122743683, 0.5342960288808665], "train_loss": [0.6941076035682971, 0.6971415201058755, 0.6949979341947116, 0.694255496446903, 0.6946498774565183, 0.6947572365021094, 0.6961698092711277, 0.6957197139660517, 0.694560672228153, 0.6945925981570513], "best_metric": 0.5342960288808665, "final_metric": 0.5342960288808665, "dhat_by_layer": {"embeddings": 9.99999993922529e-09, "layer00": 5.79380275667063e-06, "layer01": 4.911964879283914e-06, "layer02": 4.558774435281521e-06, "layer03": 4.1880830394802615e-06, "layer04": 3.936113898816984e-06, "layer05": 3.7138440802664263e-06, "layer06": 3.6028222893946804e-06, "layer07": 3.8946695894992445e-06, "layer08": 4.571731551550329e-06, "layer09": 6.879879038024228e-06, "layer10": 1.24854614114156e-05, "layer11": 2.0207149646012112e-05, "head": 0.00013651220069732517}, "wall_s": 86.2980375289917}