{"task": "rte", "mode": "w", "lr": 3e-05, "wd": 0.01, "seed": 4, "val_metric": [0.5306859205776173, 0.4729241877256318, 0.5270758122743683, 0.5270758122743683, 0.4729241877256318, 0.5270758122743683, 0.5270758122743683, 0.4729241877256318, 0.5270758122743683, 0.5270758122743683], "train_loss": [0.695346617163756, 0.6918928095927606, 0.6968515247870715, 0.6956538275266305, 0.6953189166692587, 0.693679887896929, 0.6946440866360297, 0.6953614847018168, 0.6939180814302884, 0.693389892578125], "best_metric": 0.5306859205776173, "final_metric": 0.5270758122743683, "dhat_by_layer": {"embeddings": 9.99999993922529e-09, "layer00": 1.0585612471913919e-05, "layer01": 9.568761015543714e-06, "layer02": 9.491363016422838e-06, "layer03": 1.0092530828842428e-05, "layer04": 9.397715075465385e-06, "layer05": 8.820384209684562e-06, "layer06": 7.710306817898527e-06, "layer07": 7.414746050926624e-06, "layer08": 7.95164487499278e-06, "layer09": 1.065754986484535e-05, "layer10": 1.7447058780817315e-05, "layer11": 2.1490097424248233e-05, "head": 0.00015101976168807596}, "wall_s": 85.04801225662231}