{"task": "rte", "mode": "l2", "lr": 2e-05, "wd": 0.1, "seed": 0, "val_metric": [0.5270758122743683, 0.5270758122743683, 0.5270758122743683, 0.5270758122743683, 0.5090252707581228, 0.51985559566787, 0.5270758122743683, 0.5342960288808665, 0.5342960288808665, 0.5487364620938628], "train_loss": [0.6928969163161057, 0.6951514612405728, 0.693996644554994, 0.6937096229730508, 0.6930939501676804, 0.6933809721317047, 0.6943409454364043, 0.6939991487142367, 0.6932316705202445, 0.6932604668232111], "best_metric": 0.5487364620938628, "final_metric": 0.5487364620938628, "dhat_by_layer": {"embeddings": 0.006787967402487993, "layer00": 0.0020377570763230324, "layer01": 0.002079644240438938, "layer02": 0.002118641510605812, "layer03": 0.0021133162081241608, "layer04": 0.0019669996108859777, "layer05": 0.0018744583940133452, "layer06": 0.0019571406301110983, "layer07": 0.0019269647309556603, "layer08": 0.0019642142578959465, "layer09": 0.001872381311841309, "layer10": 0.0017909571761265397, "layer11": 0.001727805007249117, "head": 0.000662096485029906}, "wall_s": 86.40225911140442}