{"task": "sst2", "mode": "w", "lr": 2e-05, "wd": 0.01, "seed": 0, "val_metric": [0.9380733944954128, 0.9369266055045872, 0.9461009174311926], "train_loss": [0.24596691978232593, 0.12817392155280305, 0.08622098769682887], "best_metric": 0.9461009174311926, "final_metric": 0.9461009174311926, "dhat_by_layer": {"embeddings": 9.99999993922529e-09, "layer00": 0.0005033997585996985, "layer01": 0.0004742416203953326, "layer02": 0.00039973334060050547, "layer03": 0.0003598502080421895, "layer04": 0.0003542113699950278, "layer05": 0.00031987225520424545, "layer06": 0.00025641900720074773, "layer07": 0.00019813771359622478, "layer08": 0.00014699413441121578, "layer09": 0.00010891419515246525, "layer10": 7.577650103485212e-05, "layer11": 5.623201286653057e-05, "head": 0.00024546662461943924}, "wall_s": 317.1802234649658}