{"task": "sst2", "mode": "w", "lr": 2e-05, "wd": 0.01, "seed": 1, "val_metric": [0.9438073394495413, 0.9392201834862385, 0.944954128440367], "train_loss": [0.24346591662482808, 0.12954793622686292, 0.08802983163902425], "best_metric": 0.944954128440367, "final_metric": 0.944954128440367, "dhat_by_layer": {"embeddings": 9.99999993922529e-09, "layer00": 0.0005283988430164754, "layer01": 0.0004824889183510095, "layer02": 0.00040431704837828875, "layer03": 0.00035531504545360804, "layer04": 0.00034977906034328043, "layer05": 0.00032739201560616493, "layer06": 0.0002628551155794412, "layer07": 0.0001985232374863699, "layer08": 0.00014524001744575799, "layer09": 0.00010378200386185199, "layer10": 7.160412496887147e-05, "layer11": 4.765914854942821e-05, "head": 0.00021575868595391512}, "wall_s": 313.73862195014954}