{"task": "sst2", "mode": "wh", "lr": 3e-05, "wd": 0.01, "seed": 2, "val_metric": [0.4908256880733945, 0.4908256880733945, 0.4908256880733945], "train_loss": [NaN, NaN, NaN], "best_metric": 0.4908256880733945, "final_metric": 0.4908256880733945, "dhat_by_layer": {"embeddings": NaN, "layer00": NaN, "layer01": NaN, "layer02": NaN, "layer03": NaN, "layer04": NaN, "layer05": NaN, "layer06": NaN, "layer07": NaN, "layer08": NaN, "layer09": NaN, "layer10": NaN, "layer11": NaN, "head": NaN}, "wall_s": 320.32968163490295}