{"task": "sst2", "mode": "l2", "lr": 1e-05, "wd": 0.01, "seed": 1, "val_metric": [0.9346330275229358, 0.9243119266055045, 0.9254587155963303], "train_loss": [0.29307534718740014, 0.17559681228249202, 0.15436931196555956], "best_metric": 0.9346330275229358, "final_metric": 0.9254587155963303, "dhat_by_layer": {"embeddings": 0.0005320334457792342, "layer00": 0.0007162904366850853, "layer01": 0.0006660521030426025, "layer02": 0.0005996605032123625, "layer03": 0.0005316539900377393, "layer04": 0.000514828774612397, "layer05": 0.00048754815361462533, "layer06": 0.0004342783067841083, "layer07": 0.00034832520759664476, "layer08": 0.00026956910733133554, "layer09": 0.00023055289057083428, "layer10": 0.00017651291273068637, "layer11": 0.00015146333316806704, "head": 0.00029675039695575833}, "wall_s": 315.9621534347534}