{"task": "sst2", "mode": "w", "lr": 1e-05, "wd": 0.01, "seed": 0, "val_metric": [0.9380733944954128, 0.9392201834862385, 0.9380733944954128], "train_loss": [0.2564179138304785, 0.14019560477654328, 0.10698948927276775], "best_metric": 0.9392201834862385, "final_metric": 0.9380733944954128, "dhat_by_layer": {"embeddings": 9.99999993922529e-09, "layer00": 0.0005777080659754574, "layer01": 0.0005513542564585805, "layer02": 0.00046990803093649447, "layer03": 0.00043700565584003925, "layer04": 0.00043762067798525095, "layer05": 0.00042047674651257694, "layer06": 0.00033725713728927076, "layer07": 0.00026150484336540103, "layer08": 0.0001932842715177685, "layer09": 0.00014620671572629362, "layer10": 0.00010727441258495674, "layer11": 7.413727871607989e-05, "head": 0.00029868638375774026}, "wall_s": 317.554728269577}