{"task": "sst2", "mode": "l2", "lr": 1e-05, "wd": 0.01, "seed": 0, "val_metric": [0.930045871559633, 0.926605504587156, 0.9254587155963303], "train_loss": [0.2949568759517262, 0.173511219605131, 0.15355373831939245], "best_metric": 0.930045871559633, "final_metric": 0.9254587155963303, "dhat_by_layer": {"embeddings": 0.0005326269892975688, "layer00": 0.0007202338892966509, "layer01": 0.0006737213116139174, "layer02": 0.0006002819864079356, "layer03": 0.0005386931588873267, "layer04": 0.0005156838451512158, "layer05": 0.0004887440009042621, "layer06": 0.00044743812759406865, "layer07": 0.00036921381251886487, "layer08": 0.0002823859977070242, "layer09": 0.0002503283030819148, "layer10": 0.00018159928731620312, "layer11": 0.00015070324297994375, "head": 0.0002873092598747462}, "wall_s": 315.35067915916443}