{"task": "sst2", "mode": "l2", "lr": 1e-05, "wd": 0.01, "seed": 2, "val_metric": [0.9243119266055045, 0.9277522935779816, 0.9243119266055045], "train_loss": [0.3008175492286682, 0.17764219592132932, 0.15595516439996251], "best_metric": 0.9277522935779816, "final_metric": 0.9243119266055045, "dhat_by_layer": {"embeddings": 0.0005320334457792342, "layer00": 0.000715435016900301, "layer01": 0.0006669703871011734, "layer02": 0.0005984276067465544, "layer03": 0.0005375220207497478, "layer04": 0.0005211852258071303, "layer05": 0.000482944626128301, "layer06": 0.00042462474084459245, "layer07": 0.00032166283926926553, "layer08": 0.00024580155150033534, "layer09": 0.00020931800827383995, "layer10": 0.00017220097652170807, "layer11": 0.0001436825841665268, "head": 0.00027191784465685487}, "wall_s": 318.47183990478516}