{"task": "sst2", "mode": "l2", "lr": 2e-05, "wd": 0.01, "seed": 0, "val_metric": [0.9128440366972477, 0.8807339449541285, 0.8979357798165137], "train_loss": [0.2891327260225799, 0.2209958775592813, 0.21280246531312086], "best_metric": 0.9128440366972477, "final_metric": 0.8979357798165137, "dhat_by_layer": {"embeddings": 0.00032694352557882667, "layer00": 0.0006224714452400804, "layer01": 0.0005686721997335553, "layer02": 0.0004843752831220627, "layer03": 0.00039679795736446977, "layer04": 0.00035627372562885284, "layer05": 0.0003121260670013726, "layer06": 0.00026798213366419077, "layer07": 0.00019670749315991998, "layer08": 0.00013974001922179013, "layer09": 0.00012094676640117541, "layer10": 7.768057548673823e-05, "layer11": 6.419104465749115e-05, "head": 0.00016281436546705663}, "wall_s": 322.2169985771179}