{"task": "sst2", "mode": "l2", "lr": 3e-05, "wd": 0.01, "seed": 0, "val_metric": [0.8807339449541285, 0.8589449541284404, 0.8658256880733946], "train_loss": [0.30256001370253305, 0.2798187428443845, 0.27310251309016537], "best_metric": 0.8807339449541285, "final_metric": 0.8658256880733946, "dhat_by_layer": {"embeddings": 0.00019433537090662867, "layer00": 0.0004452686698641628, "layer01": 0.0003518179291859269, "layer02": 0.00027475401293486357, "layer03": 0.00020230354857631028, "layer04": 0.00017237706924788654, "layer05": 0.00015234378224704415, "layer06": 0.00013581356324721128, "layer07": 0.00010766968625830486, "layer08": 7.826635555829853e-05, "layer09": 6.88979125698097e-05, "layer10": 4.6016757551115006e-05, "layer11": 4.041488500661217e-05, "head": 0.0001291758380830288}, "wall_s": 320.29131412506104}