{"task": "sst2", "mode": "w", "lr": 2e-05, "wd": 0.01, "seed": 2, "val_metric": [0.9403669724770642, 0.9346330275229358, 0.944954128440367], "train_loss": [0.24859615624517273, 0.1332271041538823, 0.0870840965639667], "best_metric": 0.944954128440367, "final_metric": 0.944954128440367, "dhat_by_layer": {"embeddings": 9.99999993922529e-09, "layer00": 0.0005256998119875789, "layer01": 0.0004821331240236759, "layer02": 0.00040838823770172894, "layer03": 0.00036075952812097967, "layer04": 0.00034738966496661305, "layer05": 0.00031427585054188967, "layer06": 0.00024717411724850535, "layer07": 0.00017821561777964234, "layer08": 0.0001206753368023783, "layer09": 8.283070201287046e-05, "layer10": 6.027211566106416e-05, "layer11": 4.6218130592023954e-05, "head": 0.00022519817866850644}, "wall_s": 316.0039060115814}