{"task": "sst2", "mode": "w", "lr": 3e-05, "wd": 0.01, "seed": 0, "val_metric": [0.9288990825688074, 0.9403669724770642, 0.9438073394495413], "train_loss": [0.24522342812137196, 0.12741104168308603, 0.08194511510484859], "best_metric": 0.9438073394495413, "final_metric": 0.9438073394495413, "dhat_by_layer": {"embeddings": 9.99999993922529e-09, "layer00": 0.0004965194966644049, "layer01": 0.00046098753227852285, "layer02": 0.00038895898615010083, "layer03": 0.00034077189047820866, "layer04": 0.00031942775240167975, "layer05": 0.0002815351472236216, "layer06": 0.0002200490125687793, "layer07": 0.0001608187158126384, "layer08": 0.00011247895599808544, "layer09": 7.637013914063573e-05, "layer10": 5.233685442362912e-05, "layer11": 3.7264217098709196e-05, "head": 0.00019876437727361917}, "wall_s": 317.8677387237549}