{"task": "stsb", "mode": "l2", "lr": 1e-05, "wd": 0.01, "seed": 0, "val_metric": [0.8835602264005489, 0.8920431212906612, 0.8998008637067288, 0.8987121457630761, 0.899377860580454, 0.9000625132989512, 0.8994437194237653, 0.8994164705045715, 0.8996151169716232, 0.8995798099726287], "train_loss": [2.9142529430074826, 0.4822720285298096, 0.36128636012888615, 0.3111597815528512, 0.2629354052763018, 0.23900851224445635, 0.2102213631487555, 0.1898594456517862, 0.18743427763175632, 0.17070984599284], "best_metric": 0.9000625132989512, "final_metric": 0.8995798099726287, "dhat_by_layer": {"embeddings": 0.0006620768690481782, "layer00": 0.000922976469155401, "layer01": 0.0008344348752871156, "layer02": 0.00083142303628847, "layer03": 0.0008955983794294298, "layer04": 0.000902187661267817, "layer05": 0.0008585751638747752, "layer06": 0.0007127198623493314, "layer07": 0.0005540354759432375, "layer08": 0.0004933494492433965, "layer09": 0.0004783997137565166, "layer10": 0.0004710006178356707, "layer11": 0.00044186320155858994, "head": 0.001336552551947534}, "wall_s": 186.65968465805054}