{"task": "stsb", "mode": "w", "lr": 3e-05, "wd": 0.1, "seed": 4, "val_metric": [0.883012463490797, 0.9001164400791923, 0.898324665193293, 0.9012566210423669, 0.9041496747738214, 0.9004080732745292, 0.9024976495197149, 0.9044991249938333, 0.9046290039053663, 0.9055440546096877], "train_loss": [1.9884521599859, 0.42177269947197704, 0.27360310041242175, 0.20098917026900584, 0.1524604860175815, 0.12421871139667928, 0.10513643183641963, 0.08702552868053318, 0.07438201415869924, 0.06789235197938978], "best_metric": 0.9055440546096877, "final_metric": 0.9055440546096877, "dhat_by_layer": {"embeddings": 9.99999993922529e-09, "layer00": 0.0004583463887684047, "layer01": 0.0004212776548229158, "layer02": 0.00041849029366858304, "layer03": 0.0004397924058139324, "layer04": 0.0004276098043192178, "layer05": 0.00037434493424370885, "layer06": 0.0002655057469382882, "layer07": 0.00018633808940649033, "layer08": 0.00013683931319974363, "layer09": 0.00012929156946484, "layer10": 0.00015011723735369742, "layer11": 0.00014430716692004353, "head": 0.0010048692347481847}, "wall_s": 185.30682969093323}