{"task": "stsb", "mode": "l2", "lr": 3e-05, "wd": 0.01, "seed": 2, "val_metric": [0.8891573817894133, 0.896702493143309, 0.9024823506641751, 0.897558798515032, 0.9005512765427883, 0.8952781528031997, 0.8993412248644977, 0.8988328313369195, 0.8983744595262987, 0.899578302057529], "train_loss": [2.040557714841432, 0.45589340627193453, 0.30615395721462035, 0.26500381585210564, 0.21973940991900034, 0.18523953531144394, 0.17352929504381287, 0.16242021756867567, 0.13930963712433975, 0.12907632366857594], "best_metric": 0.9024823506641751, "final_metric": 0.899578302057529, "dhat_by_layer": {"embeddings": 0.00042370412847958505, "layer00": 0.0007814340642653406, "layer01": 0.0007589539745822549, "layer02": 0.0007047554245218635, "layer03": 0.0006616214523091912, "layer04": 0.000607946771197021, "layer05": 0.0005102449795231223, "layer06": 0.0003966346848756075, "layer07": 0.000312706280965358, "layer08": 0.0002760312636382878, "layer09": 0.0002777276386041194, "layer10": 0.0002930481277871877, "layer11": 0.00028316787211224437, "head": 0.0011401633964851499}, "wall_s": 188.95074677467346}