{"task": "stsb", "mode": "w", "lr": 3e-05, "wd": 0.01, "seed": 0, "val_metric": [0.889961525257247, 0.895081693470547, 0.9033910163997557, 0.9013225974260191, 0.9043275610978945, 0.9056615406514429, 0.9068944705435554, 0.9075691502722534, 0.9059843070511189, 0.9055852127108108], "train_loss": [1.943380176379449, 0.4264435049146414, 0.2847968596344193, 0.2108147808505843, 0.15730976391997603, 0.13342035117869575, 0.10807959548611608, 0.08597933854907751, 0.07946237288415432, 0.07147230727908511], "best_metric": 0.9075691502722534, "final_metric": 0.9055852127108108, "dhat_by_layer": {"embeddings": 9.99999993922529e-09, "layer00": 0.0004964936524629593, "layer01": 0.00043998006731271744, "layer02": 0.00045516129466705024, "layer03": 0.0004756848211400211, "layer04": 0.0004631140036508441, "layer05": 0.0004077856719959527, "layer06": 0.00028811863739974797, "layer07": 0.00020760360348504037, "layer08": 0.00016315204265993088, "layer09": 0.0001489410933572799, "layer10": 0.00016207914450205863, "layer11": 0.00014287819794844836, "head": 0.001107682823203504}, "wall_s": 181.49822545051575}