{"task": "stsb", "mode": "l2", "lr": 3e-05, "wd": 0.01, "seed": 4, "val_metric": [0.8880267623422464, 0.8982054400968449, 0.8974730804732992, 0.8970708727929898, 0.8960989879147248, 0.8982379805834918, 0.8940059755338542, 0.8952696359892387, 0.893402583997008, 0.8972012938353449], "train_loss": [2.116638910604848, 0.43902962839023935, 0.31974127839008964, 0.2573224738654163, 0.22331571507578094, 0.1925361811183393, 0.17980866548087862, 0.15748352149191003, 0.14116262052622106, 0.12797765521746543], "best_metric": 0.8982379805834918, "final_metric": 0.8972012938353449, "dhat_by_layer": {"embeddings": 0.0004239971749484539, "layer00": 0.0006908096256665885, "layer01": 0.0006615315214730799, "layer02": 0.000643835577648133, "layer03": 0.000664767634589225, "layer04": 0.000618970429059118, "layer05": 0.000509444740600884, "layer06": 0.00040801975410431623, "layer07": 0.00030348359723575413, "layer08": 0.00025944638764485717, "layer09": 0.0002466972218826413, "layer10": 0.0002764540258795023, "layer11": 0.0002898822713177651, "head": 0.00113396137021482}, "wall_s": 189.69622993469238}