{"task": "stsb", "mode": "l2", "lr": 3e-05, "wd": 0.01, "seed": 1, "val_metric": [0.8811780460474676, 0.9066475702678863, 0.8971592796192221, 0.8984991007963976, 0.9030709049528527, 0.8985686518469786, 0.8984622873344076, 0.901339265609802, 0.9018658536140033, 0.9020294006889875], "train_loss": [2.063397631835606, 0.4472837290416161, 0.32460413709696795, 0.25090112909674644, 0.22432104545748896, 0.18668181457453303, 0.1784313211424483, 0.1607216735266977, 0.14477281236193246, 0.1326081322816511], "best_metric": 0.9066475702678863, "final_metric": 0.9020294006889875, "dhat_by_layer": {"embeddings": 0.0004250971251167357, "layer00": 0.0007273790542967618, "layer01": 0.0006817025132477283, "layer02": 0.00066077068913728, "layer03": 0.0006574070430360734, "layer04": 0.0006297968211583793, "layer05": 0.0005532684735953808, "layer06": 0.00042558362474665046, "layer07": 0.00028980651404708624, "layer08": 0.00024172263510990888, "layer09": 0.0002389729634160176, "layer10": 0.0002578277781140059, "layer11": 0.00028651190223172307, "head": 0.0011177263222634792}, "wall_s": 189.25771713256836}