{"task": "stsb", "mode": "w", "lr": 3e-05, "wd": 0.1, "seed": 2, "val_metric": [0.8786568903684585, 0.8940599526567542, 0.9014471149378586, 0.9022299789135675, 0.9018207074654553, 0.9041881659211558, 0.9034943168421268, 0.904896286002494, 0.9038174521859879, 0.904430656735059], "train_loss": [1.9038162392460638, 0.4283922011653582, 0.27627040712783735, 0.20785471598307292, 0.1579258672686087, 0.13240711257482568, 0.1094747643917799, 0.09208215401611394, 0.07925081337388191, 0.07280600582663384], "best_metric": 0.904896286002494, "final_metric": 0.904430656735059, "dhat_by_layer": {"embeddings": 9.99999993922529e-09, "layer00": 0.0007093197200447321, "layer01": 0.0005623041070066392, "layer02": 0.0005104632000438869, "layer03": 0.0004925373359583318, "layer04": 0.0004438566684257239, "layer05": 0.00038457330083474517, "layer06": 0.00027117918943986297, "layer07": 0.00020045667770318687, "layer08": 0.0001612084306543693, "layer09": 0.0001538260403322056, "layer10": 0.00015930706285871565, "layer11": 0.00015209037519525737, "head": 0.0011065327562391758}, "wall_s": 186.38091349601746}