{"task": "stsb", "mode": "w", "lr": 1e-05, "wd": 0.1, "seed": 0, "val_metric": [0.8812407871018826, 0.89491288651286, 0.8995980119632346, 0.8991663092600812, 0.9015561939710385, 0.9036873842430456, 0.9032495840647029, 0.905063993738031, 0.9051680028755569, 0.9042959934412887], "train_loss": [2.6920577571209936, 0.4654776690320836, 0.33802257720381024, 0.2838827601220045, 0.2337170805161198, 0.20041424954930942, 0.17748281620442868, 0.1583230536741515, 0.1496815404854715, 0.1366474573396974], "best_metric": 0.9051680028755569, "final_metric": 0.9042959934412887, "dhat_by_layer": {"embeddings": 9.99999993922529e-09, "layer00": 0.0007148135337047279, "layer01": 0.0006380105041898787, "layer02": 0.0006450624787248671, "layer03": 0.0006976755103096366, "layer04": 0.0007237804820761085, "layer05": 0.0006695610354654491, "layer06": 0.0005033774068579078, "layer07": 0.00036407631705515087, "layer08": 0.0002976898103952408, "layer09": 0.0002861612883862108, "layer10": 0.000272374163614586, "layer11": 0.00022518837067764252, "head": 0.0013347119092941284}, "wall_s": 184.79455876350403}