{"task": "stsb", "mode": "w", "lr": 3e-05, "wd": 0.1, "seed": 3, "val_metric": [0.8775987274548738, 0.8977303351214069, 0.9052438899738909, 0.9003461137992631, 0.9070171685375659, 0.906560802019367, 0.9079502532533551, 0.9086309490922229, 0.9081049760666812, 0.9087948289691272], "train_loss": [2.0077351797786025, 0.4257676669086019, 0.2755228930670354, 0.20827300796906154, 0.16173356865118776, 0.12682023938331338, 0.10147600378841162, 0.08530947573276029, 0.07584612989384266, 0.0673668319825083], "best_metric": 0.9087948289691272, "final_metric": 0.9087948289691272, "dhat_by_layer": {"embeddings": 9.99999993922529e-09, "layer00": 0.0004907441907562315, "layer01": 0.00044742392492480576, "layer02": 0.000447708967840299, "layer03": 0.0004364545166026801, "layer04": 0.00042317836778238416, "layer05": 0.0003584945516195148, "layer06": 0.00025714459479786456, "layer07": 0.00020129124459344894, "layer08": 0.00016096682520583272, "layer09": 0.00015389958571176976, "layer10": 0.00015125497884582728, "layer11": 0.00014757072494830936, "head": 0.001186076900921762}, "wall_s": 186.11366486549377}