{"task": "stsb", "mode": "wh", "lr": 1e-05, "wd": 0.001, "seed": 2, "val_metric": [0.7186524234968898, 0.7544390583266618, 0.7650544115158697, 0.7680893538139311, 0.7696333501708278, 0.7614473672825465, 0.7497260948722114, 0.7583216637533763, 0.7559876016660466, 0.7544009023215582], "train_loss": [2.996037176085843, 1.0514833004110389, 0.8496254325740867, 0.7140208062612348, 0.6045824916412433, 0.5198478483077552, 0.45227235537022353, 0.4037022701981995, 0.35318747963756325, 0.3399134436622262], "best_metric": 0.7696333501708278, "final_metric": 0.7544009023215582, "dhat_by_layer": {"embeddings": 9.99999993922529e-09, "layer00": 0.0014898935332894325, "layer01": 0.0014917770167812705, "layer02": 0.0016221044352278113, "layer03": 0.0016605030978098512, "layer04": 0.001739641185849905, "layer05": 0.0015851107891649008, "layer06": 0.0010851569240912795, "layer07": 0.0006319030071608722, "layer08": 0.0004524210817180574, "layer09": 0.0003883597382809967, "layer10": 0.0003763046988751739, "layer11": 0.00034699743264354765, "head": 0.002106749452650547}, "wall_s": 189.2866551876068}