{"task": "stsb", "mode": "wh", "lr": 1e-05, "wd": 0.001, "seed": 4, "val_metric": [0.7291446840664635, 0.7607307693608196, 0.763759801145851, 0.768526834021143, 0.7715750055851116, 0.7786588436932427, 0.7716265179551276, 0.7730756200084191, 0.7706498763640115, 0.7727954687687553], "train_loss": [3.1054414668016963, 1.0376063387427066, 0.8276877644989226, 0.6904431096795532, 0.5923306223832898, 0.5130681682378053, 0.4302980729068319, 0.3876533636616336, 0.34810887122940687, 0.3231914394017723], "best_metric": 0.7786588436932427, "final_metric": 0.7727954687687553, "dhat_by_layer": {"embeddings": 9.99999993922529e-09, "layer00": 0.0015086381463333964, "layer01": 0.00154777558054775, "layer02": 0.0015824554720893502, "layer03": 0.0015491795493289828, "layer04": 0.0015660750214010477, "layer05": 0.001373147126287222, "layer06": 0.0009237861377187073, "layer07": 0.0005543825100176036, "layer08": 0.0003817090764641762, "layer09": 0.00032978507806546986, "layer10": 0.0003104320785496384, "layer11": 0.00030618577147834003, "head": 0.0018524281913414598}, "wall_s": 189.03713417053223}