{"task": "stsb", "mode": "l2", "lr": 3e-05, "wd": 0.1, "seed": 0, "val_metric": [0.8786786499897445, 0.8850270203132303, 0.8781982835430868, 0.8719718241991523, 0.8588997793107656, 0.8574290542526951, 0.8480152613684181, 0.8517728828033043, 0.8381433015459486, 0.8440657496825098], "train_loss": [2.5303415907753837, 0.5355444621708658, 0.5041860045658217, 0.5418118423057927, 0.5659848048041264, 0.5742293715476989, 0.5696107270403041, 0.5454947772953246, 0.5239848945703771, 0.49731786826418506], "best_metric": 0.8850270203132303, "final_metric": 0.8440657496825098, "dhat_by_layer": {"embeddings": 0.0039609926752746105, "layer00": 0.001930845552124083, "layer01": 0.001880867755971849, "layer02": 0.0020078683737665415, "layer03": 0.0017817873740568757, "layer04": 0.0017392485169693828, "layer05": 0.0014863485703244805, "layer06": 0.001256757415831089, "layer07": 0.0010081871878355742, "layer08": 0.0009303760598413646, "layer09": 0.000861477863509208, "layer10": 0.0008548249606974423, "layer11": 0.0008084159344434738, "head": 0.0015098612057045102}, "wall_s": 185.39094591140747}