{"task": "stsb", "mode": "l2", "lr": 3e-05, "wd": 0.01, "seed": 3, "val_metric": [0.8715567808276475, 0.8898690804201436, 0.8982232363742862, 0.897760534088095, 0.9020065672235125, 0.8978584569540616, 0.8993677914793374, 0.897822349876132, 0.8982957264464959, 0.8996030372898596], "train_loss": [2.141827014295591, 0.43616984234087997, 0.31661024985627995, 0.26491930350247356, 0.21852335043044555, 0.1971367531663014, 0.17971276622265578, 0.16022010242773427, 0.14335425385377473, 0.129190705375125], "best_metric": 0.9020065672235125, "final_metric": 0.8996030372898596, "dhat_by_layer": {"embeddings": 0.0004239971749484539, "layer00": 0.0007642710697837174, "layer01": 0.0007265381282195449, "layer02": 0.0007176165236160159, "layer03": 0.0006801084382459521, "layer04": 0.0006292168982326984, "layer05": 0.0005416818312369287, "layer06": 0.0004203583230264485, "layer07": 0.00034281518310308456, "layer08": 0.00030168346711434424, "layer09": 0.00029871371225453913, "layer10": 0.0002962214930448681, "layer11": 0.0003005896869581193, "head": 0.001234880997799337}, "wall_s": 188.5276186466217}