{"task": "stsb", "mode": "l2", "lr": 2e-05, "wd": 0.1, "seed": 0, "val_metric": [0.8756524920182143, 0.891612675437626, 0.8858488652834228, 0.8860348317365291, 0.8791685399317368, 0.8812530718922823, 0.877893566867301, 0.8738630879577474, 0.8765342308049611, 0.8751128970676404], "train_loss": [2.914941646489832, 0.5203361144289375, 0.43798938592274983, 0.44429366151905725, 0.41961428574803805, 0.43538963558773197, 0.4147408094464077, 0.4030094560442699, 0.39635814072357284, 0.37674697151200637], "best_metric": 0.891612675437626, "final_metric": 0.8751128970676404, "dhat_by_layer": {"embeddings": 0.005093189887702465, "layer00": 0.0022657366935163736, "layer01": 0.0021630111150443554, "layer02": 0.0022085176315158606, "layer03": 0.0021063608583062887, "layer04": 0.0020569039043039083, "layer05": 0.0018901205621659756, "layer06": 0.0016621343092992902, "layer07": 0.0013614031486213207, "layer08": 0.0012633182341232896, "layer09": 0.0011866260319948196, "layer10": 0.0011688449885696173, "layer11": 0.0011238455772399902, "head": 0.0016743286978453398}, "wall_s": 186.20965695381165}