{"task": "stsb", "mode": "w", "lr": 2e-05, "wd": 0.01, "seed": 0, "val_metric": [0.8874513190024138, 0.8953814183045467, 0.8998599682220327, 0.9013693500622874, 0.9026470721157492, 0.9024063591899795, 0.9027927103259855, 0.904096906198061, 0.9024001412427314, 0.9019558784589607], "train_loss": [2.1634384132507773, 0.42385607982675233, 0.2910976896062493, 0.22224131050623125, 0.17550380149235328, 0.14790480480425888, 0.12595008243289257, 0.1067607807305952, 0.09534651417699125, 0.08684767193367912], "best_metric": 0.904096906198061, "final_metric": 0.9019558784589607, "dhat_by_layer": {"embeddings": 9.99999993922529e-09, "layer00": 0.000552097917534411, "layer01": 0.00048635341227054596, "layer02": 0.0004960542428307235, "layer03": 0.0005316325114108622, "layer04": 0.0005296067683957517, "layer05": 0.0004914370365440845, "layer06": 0.00036074899253435433, "layer07": 0.0002528188342694193, "layer08": 0.00020351307466626167, "layer09": 0.00018610373081173748, "layer10": 0.00018920711590908468, "layer11": 0.00017027778085321188, "head": 0.0011419812217354774}, "wall_s": 183.0316801071167}