{"task": "stsb", "mode": "l2", "lr": 2e-05, "wd": 0.01, "seed": 0, "val_metric": [0.8864374384888919, 0.8959206280748488, 0.9004346105242853, 0.89686645149041, 0.8996089619676977, 0.9002450596362287, 0.8991014695544605, 0.8978124522590325, 0.8991291640453778, 0.898578540572019], "train_loss": [2.279047318589356, 0.43667416400793524, 0.31878560199919675, 0.27097604173339074, 0.21642265079749956, 0.19739474184397193, 0.16721143238763841, 0.14837266597896814, 0.13775617982157404, 0.12605428980249497], "best_metric": 0.9004346105242853, "final_metric": 0.898578540572019, "dhat_by_layer": {"embeddings": 0.0005297019379213452, "layer00": 0.0007439734181389213, "layer01": 0.0006845456082373857, "layer02": 0.0006850691279396415, "layer03": 0.0007120548980310559, "layer04": 0.0007081661024130881, "layer05": 0.0006485070334747434, "layer06": 0.0005098017281852663, "layer07": 0.000393686699680984, "layer08": 0.0003545604122336954, "layer09": 0.0003437118139117956, "layer10": 0.000359408266376704, "layer11": 0.00033881154377013445, "head": 0.0011901851976290345}, "wall_s": 186.33164763450623}