{"task": "stsb", "mode": "wh", "lr": 2e-05, "wd": 0.001, "seed": 0, "val_metric": [0.6970343409233174, 0.7405724178761426, 0.7439786328865998, 0.7321714740303267, 0.7430203521089243, 0.7411011157851526, 0.7347524238408674, 0.7435387643781615, 0.7438702590388478, 0.73785622694146], "train_loss": [2.6491672727796765, 1.1234334750721853, 0.8750635554393132, 0.7172713331878185, 0.5840973106523355, 0.45305049618085225, 0.36553254657321504, 0.29811901218361325, 0.2644903271976444, 0.2344380857009027], "best_metric": 0.7439786328865998, "final_metric": 0.73785622694146, "dhat_by_layer": {"embeddings": 9.99999993922529e-09, "layer00": 0.001289301086217165, "layer01": 0.0012806125450879335, "layer02": 0.0013620139798149467, "layer03": 0.001330732018686831, "layer04": 0.00127102667465806, "layer05": 0.0011081333504989743, "layer06": 0.00071180728264153, "layer07": 0.00041147516458295286, "layer08": 0.000320777646265924, "layer09": 0.0002872813493013382, "layer10": 0.0002805374388117343, "layer11": 0.0002536820829845965, "head": 0.0017001674277707934}, "wall_s": 185.94810390472412}