{"task": "stsb", "mode": "w", "lr": 1e-05, "wd": 0.01, "seed": 0, "val_metric": [0.8831188422529863, 0.8951041595136934, 0.8998896427019444, 0.8964581992293101, 0.9004745900716642, 0.9022054449744025, 0.902563473931477, 0.9042016382168967, 0.9041972918953474, 0.9036647913218537], "train_loss": [2.707886658774482, 0.4617704617066516, 0.33468667214943304, 0.28121818196442394, 0.2311296028395494, 0.1980160888284445, 0.1763258439488709, 0.1574916893719799, 0.1493693757388327, 0.13571230868498485], "best_metric": 0.9042016382168967, "final_metric": 0.9036647913218537, "dhat_by_layer": {"embeddings": 9.99999993922529e-09, "layer00": 0.0006680619553662837, "layer01": 0.0006224585231393576, "layer02": 0.0006344770663417876, "layer03": 0.000697311304975301, "layer04": 0.0007159716333262622, "layer05": 0.0006762699340470135, "layer06": 0.0005035616341046989, "layer07": 0.00036056319368071854, "layer08": 0.0002986325416713953, "layer09": 0.00028566454420797527, "layer10": 0.0002723062934819609, "layer11": 0.00023423854145221412, "head": 0.0013573671458289027}, "wall_s": 183.95015025138855}