{"task": "stsb", "mode": "wh", "lr": 1e-05, "wd": 0.001, "seed": 0, "val_metric": [0.7251036498895442, 0.7450105183653393, 0.7492889648694664, 0.7647623552818876, 0.7686421353108372, 0.7671230235583786, 0.763504271369056, 0.7692097758806591, 0.7653274156834595, 0.764396236775199], "train_loss": [2.962541223069032, 1.0755090738336246, 0.8417977608326409, 0.7363889250490401, 0.6189084865980679, 0.533577019866142, 0.46152985609240005, 0.4209101101176606, 0.37426480030020076, 0.3498339079527391], "best_metric": 0.7692097758806591, "final_metric": 0.764396236775199, "dhat_by_layer": {"embeddings": 9.99999993922529e-09, "layer00": 0.0015716735506430268, "layer01": 0.0015107772778719664, "layer02": 0.0016305317403748631, "layer03": 0.0016575278714299202, "layer04": 0.0017277076840400696, "layer05": 0.0016140774823725224, "layer06": 0.0011190016521140933, "layer07": 0.0006558170425705612, "layer08": 0.0004647586611099541, "layer09": 0.0004031720745842904, "layer10": 0.0003776049998123199, "layer11": 0.0003076961147598922, "head": 0.0019992110319435596}, "wall_s": 186.43701434135437}