{"task": "stsb", "mode": "wh", "lr": 1e-05, "wd": 0.001, "seed": 1, "val_metric": [0.7140563642865032, 0.7717831127403304, 0.7730103228021856, 0.7647018462235523, 0.7729538796487055, 0.7645183202721592, 0.7725163246573457, 0.7727444803073934, 0.7678642843032362, 0.7664003434840481], "train_loss": [3.0363687658475507, 1.0744199058247936, 0.8866070718814929, 0.7478192099266582, 0.646662366638581, 0.5678034749295976, 0.4932351962559753, 0.4568441109524833, 0.4009541543821494, 0.3746242988647686], "best_metric": 0.7730103228021856, "final_metric": 0.7664003434840481, "dhat_by_layer": {"embeddings": 9.99999993922529e-09, "layer00": 0.0016821002354845405, "layer01": 0.0016799774020910263, "layer02": 0.0017487263539806008, "layer03": 0.0017486282158643007, "layer04": 0.0017413648311048746, "layer05": 0.001533625996671617, "layer06": 0.0010113664902746677, "layer07": 0.0005434445920400321, "layer08": 0.0003725369169842452, "layer09": 0.00034176153712905943, "layer10": 0.0003334403445478529, "layer11": 0.0003310610190965235, "head": 0.0021123578771948814}, "wall_s": 188.11307048797607}