{"task": "stsb", "mode": "l2", "lr": 1e-05, "wd": 0.1, "seed": 0, "val_metric": [0.8495766364606565, 0.8846753228183124, 0.8887383187827473, 0.887818204357467, 0.8867579531027613, 0.8923320392019713, 0.8903008846615565, 0.8866862995013952, 0.888782174719609, 0.8888455076191473], "train_loss": [3.73238851527373, 0.5723277578751246, 0.45769805221094023, 0.4327305427648955, 0.3973902383405301, 0.3881226774098145, 0.35650812360561557, 0.3353579026543432, 0.3348385140920679, 0.3171847484798895], "best_metric": 0.8923320392019713, "final_metric": 0.8888455076191473, "dhat_by_layer": {"embeddings": 0.006436060182750225, "layer00": 0.002762321848422289, "layer01": 0.002655736403539777, "layer02": 0.0026768704410642385, "layer03": 0.0026556369848549366, "layer04": 0.0026192162185907364, "layer05": 0.0025234988424926996, "layer06": 0.0023644338361918926, "layer07": 0.002076725009828806, "layer08": 0.0020359004847705364, "layer09": 0.0019727852195501328, "layer10": 0.0019278648542240262, "layer11": 0.0018336722860112786, "head": 0.002027245471253991}, "wall_s": 186.13292360305786}