{"task": "stsb", "mode": "w", "lr": 3e-05, "wd": 0.1, "seed": 1, "val_metric": [0.882499451942415, 0.9042412601274018, 0.9032530691890903, 0.9021409218252984, 0.905614828991446, 0.9028561106093368, 0.9072252140337125, 0.9066546730657257, 0.907908522110452, 0.9082134426662168], "train_loss": [1.9429026109062963, 0.42785306272821294, 0.2900850434477131, 0.19981411083911857, 0.16113060436521967, 0.1269434875291255, 0.10822960890622603, 0.09445649987190134, 0.08185836067940626, 0.07349221602910094], "best_metric": 0.9082134426662168, "final_metric": 0.9082134426662168, "dhat_by_layer": {"embeddings": 9.99999993922529e-09, "layer00": 0.0006407889304682612, "layer01": 0.0005394405452534556, "layer02": 0.0005275111761875451, "layer03": 0.0004933889722451568, "layer04": 0.0004562411631923169, "layer05": 0.0003936491848435253, "layer06": 0.00027591135585680604, "layer07": 0.0001837338350014761, "layer08": 0.00013321198639459908, "layer09": 0.00011966680904151872, "layer10": 0.000134017231175676, "layer11": 0.00013901686179451644, "head": 0.001038254122249782}, "wall_s": 186.98043513298035}