{"task": "stsb", "mode": "wh", "lr": 1e-05, "wd": 0.001, "seed": 3, "val_metric": [0.6996158849468939, 0.7400146782203456, 0.7565612075054462, 0.7514180410464456, 0.7622379734576201, 0.7615755148226414, 0.7580944469860796, 0.7548318320491684, 0.7576588713137766, 0.7569688643286837], "train_loss": [3.050798218614525, 1.0809238726894062, 0.8956245770884885, 0.7859486535605457, 0.6981942943193846, 0.6052836943417788, 0.5364247338639365, 0.49254807635313935, 0.4441510663885209, 0.41250750811563597], "best_metric": 0.7622379734576201, "final_metric": 0.7569688643286837, "dhat_by_layer": {"embeddings": 9.99999993922529e-09, "layer00": 0.0030741675291210413, "layer01": 0.0026416166219860315, "layer02": 0.0023197096306830645, "layer03": 0.0019479277543723583, "layer04": 0.0018986230716109276, "layer05": 0.001686725066974759, "layer06": 0.0011073534842580557, "layer07": 0.0007134245825000107, "layer08": 0.000553435180336237, "layer09": 0.0004787507059518248, "layer10": 0.0004447773681022227, "layer11": 0.00040402484592050314, "head": 0.0025405539199709892}, "wall_s": 189.11380553245544}