{"task": "stsb", "mode": "w", "lr": 2e-05, "wd": 0.1, "seed": 0, "val_metric": [0.8890449118717393, 0.8968391322266857, 0.9005115515318165, 0.9020079579646476, 0.9031001375216328, 0.9020372389682141, 0.9054823539362886, 0.9051441102597578, 0.9048722685435139, 0.9041523178142095], "train_loss": [2.146391460299492, 0.42287146403557724, 0.2891443596738908, 0.2245984766425358, 0.17344351142851844, 0.14457707275739975, 0.12498043151572347, 0.10707237912962835, 0.09780662871069379, 0.08372785842253103], "best_metric": 0.9054823539362886, "final_metric": 0.9041523178142095, "dhat_by_layer": {"embeddings": 9.99999993922529e-09, "layer00": 0.0005750041455030441, "layer01": 0.000495665823109448, "layer02": 0.0005060857511125505, "layer03": 0.0005304968217387795, "layer04": 0.0005372532177716494, "layer05": 0.0004981683450751007, "layer06": 0.0003657942288555205, "layer07": 0.0002621220191940665, "layer08": 0.0002056896482827142, "layer09": 0.00018270272994413972, "layer10": 0.0001815715222619474, "layer11": 0.00015626342792529613, "head": 0.001138176885433495}, "wall_s": 183.47129249572754}