{"task": "stsb", "mode": "l2", "lr": 3e-05, "wd": 0.01, "seed": 0, "val_metric": [0.8892947613304845, 0.8950891025456785, 0.8933113312249391, 0.9024371154100562, 0.9015805976436166, 0.8985989662614218, 0.900682031100236, 0.8990677351577383, 0.9001410265540174, 0.8992446599980559], "train_loss": [2.0377881274455123, 0.43315506536099646, 0.30662640533927416, 0.24965269626118242, 0.21637300221870343, 0.19597910466190013, 0.17285559153598215, 0.15670761118332546, 0.1406273757831918, 0.12426758136393296], "best_metric": 0.9024371154100562, "final_metric": 0.8992446599980559, "dhat_by_layer": {"embeddings": 0.00042265059892088175, "layer00": 0.0007075516041368246, "layer01": 0.0006689084111712873, "layer02": 0.0006584800430573523, "layer03": 0.0006437558331526816, "layer04": 0.0006244557444006205, "layer05": 0.0005643924814648926, "layer06": 0.00044799206079915166, "layer07": 0.0003376406675670296, "layer08": 0.0003000051947310567, "layer09": 0.0002924579894170165, "layer10": 0.0003058082074858248, "layer11": 0.00028270401526242495, "head": 0.0011479360982775688}, "wall_s": 187.26221299171448}