{"task": "stsb", "mode": "w", "lr": 3e-05, "wd": 0.1, "seed": 0, "val_metric": [0.8925795598313205, 0.8980377767252958, 0.9022512595963637, 0.9011573180544071, 0.905146547699912, 0.9044118060639081, 0.9076523523137761, 0.9086516066604141, 0.9055421173976869, 0.9051831196244126], "train_loss": [1.9258753159807789, 0.39209973093950085, 0.27300589736551045, 0.19707268777613837, 0.1508112433883879, 0.12299129659723905, 0.0978591631218377, 0.08080588506224255, 0.07375384173355996, 0.062475041289710334], "best_metric": 0.9086516066604141, "final_metric": 0.9051831196244126, "dhat_by_layer": {"embeddings": 9.99999993922529e-09, "layer00": 0.0004480929928831756, "layer01": 0.0004052980220876634, "layer02": 0.00041418452747166157, "layer03": 0.00043145916424691677, "layer04": 0.0004347710928414017, "layer05": 0.0003968631208408624, "layer06": 0.0002909188042394817, "layer07": 0.00020779052283614874, "layer08": 0.00016035303997341543, "layer09": 0.00014658358122687787, "layer10": 0.00015907931083347648, "layer11": 0.00013595233031082898, "head": 0.001004034886136651}, "wall_s": 182.28087377548218}