{
 "w": {
  "emb": {
   "gf2": 0.3692575469613075,
   "gF2": 5.018518254160881,
   "gFt2": 0.369257427752018,
   "d_med": 6.547471002704697e-06,
   "ratio": 13.590839010911285
  },
  "low_ln": {
   "gf2": 0.001343675427051494,
   "gF2": 0.6042638382714358,
   "gFt2": 0.001343602865745197,
   "d_med": 4.506437107920647e-05,
   "ratio": 449.733960589832
  },
  "low_attn": {
   "gf2": 0.6806758422317216,
   "gF2": 1.027369268485927,
   "gFt2": 0.6806759346509352,
   "d_med": 2.4094775653793477e-05,
   "ratio": 1.5093368461936052
  },
  "low_mlp": {
   "gf2": 0.8911353537005198,
   "gF2": 1.4776719960718765,
   "gFt2": 0.8911351053029648,
   "d_med": 3.59711775672622e-05,
   "ratio": 1.6581907583693531
  },
  "mid_ln": {
   "gf2": 0.0011796493963629473,
   "gF2": 0.6491307258875167,
   "gFt2": 0.0011798538162111072,
   "d_med": 5.348424383555539e-05,
   "ratio": 550.178943330527
  },
  "mid_attn": {
   "gf2": 0.7391135324869538,
   "gF2": 1.194760519923875,
   "gFt2": 0.7391137756349053,
   "d_med": 2.81800366792595e-05,
   "ratio": 1.616477136957115
  },
  "mid_mlp": {
   "gf2": 0.6324893024102494,
   "gF2": 1.260177073367231,
   "gFt2": 0.6324893325599987,
   "d_med": 3.2277839636662975e-05,
   "ratio": 1.992408422552627
  },
  "high_ln": {
   "gf2": 0.000558944491785951,
   "gF2": 0.6801856093661627,
   "gFt2": 0.0005589396678260528,
   "d_med": 4.1032544686459005e-05,
   "ratio": 1216.9213396710336
  },
  "high_attn": {
   "gf2": 0.23795091245119693,
   "gF2": 0.699271436118579,
   "gFt2": 0.23795086314203218,
   "d_med": 1.89974107343005e-05,
   "ratio": 2.9387219986724147
  },
  "high_mlp": {
   "gf2": 0.4870938388121431,
   "gF2": 1.2881589798125788,
   "gFt2": 0.4870938530548301,
   "d_med": 2.8634744012379088e-05,
   "ratio": 2.6445806526480147
  },
  "final": {
   "gf2": 0.00015108619845705107,
   "gF2": 0.21027918078470975,
   "gFt2": 0.00015097486902959645,
   "d_med": 8.218787115765736e-05,
   "ratio": 1392.8091617916061
  }
 },
 "l2": {
  "emb": {
   "gf2": 28.06179428100586,
   "gF2": 28.05583953857422,
   "gFt2": 28.06168842315674,
   "d_med": 1.921472176036332e-06,
   "ratio": 0.9997915704680944
  },
  "low_ln": {
   "gf2": 0.0867936876166241,
   "gF2": 0.08545429061294155,
   "gFt2": 0.08677008159796905,
   "d_med": 4.2078696424141526e-05,
   "ratio": 0.9848358908877839
  },
  "low_attn": {
   "gf2": 41.22714724240029,
   "gF2": 41.22719594292252,
   "gFt2": 41.22721765964195,
   "d_med": 1.0333818245555904e-08,
   "ratio": 0.9999994732431471
  },
  "low_mlp": {
   "gf2": 12.690765596460551,
   "gF2": 12.688078519247938,
   "gFt2": 12.690776822972111,
   "d_med": 4.414102150462895e-08,
   "ratio": 0.9997873807283972
  },
  "mid_ln": {
   "gf2": 0.0007272953569930098,
   "gF2": 0.0009250310337660091,
   "gFt2": 0.0007279600551603865,
   "d_med": 4.1949580918299034e-05,
   "ratio": 1.2707167477234766
  },
  "mid_attn": {
   "gf2": 0.1124503716100441,
   "gF2": 0.11240023703655916,
   "gFt2": 0.11244871944379603,
   "d_med": 9.99999993922529e-09,
   "ratio": 0.9995688487385479
  },
  "mid_mlp": {
   "gf2": 0.12518286418957203,
   "gF2": 0.12548066752480702,
   "gFt2": 0.12518114115315288,
   "d_med": 1.4603152465042513e-08,
   "ratio": 1.0023927435785849
  },
  "high_ln": {
   "gf2": 1.6358585055553806e-05,
   "gF2": 2.0406352906019106e-05,
   "gFt2": 1.6348855996753165e-05,
   "d_med": 4.191549669485539e-05,
   "ratio": 1.2481823138005343
  },
  "high_attn": {
   "gf2": 0.1072809521614594,
   "gF2": 0.10720095740683516,
   "gFt2": 0.10727844317844538,
   "d_med": 9.99999993922529e-09,
   "ratio": 0.9992777134966311
  },
  "high_mlp": {
   "gf2": 0.10831811518098286,
   "gF2": 0.10822901901406828,
   "gFt2": 0.10831591570254684,
   "d_med": 1.3984222668739221e-08,
   "ratio": 0.9991977477371176
  },
  "final": {
   "gf2": 0.041347942446009256,
   "gF2": 0.030287740379208117,
   "gFt2": 0.04056072340608807,
   "d_med": 4.2032588680740446e-05,
   "ratio": 0.7467258430272966
  }
 }
}