{
 "rel_err_to_analytic": 7.796959787775256e-17,
 "gF2_final": 0.10860766220041555,
 "gFt2_final": 7.7627290866839e-31,
 "ratio_gF2_gFt2": 1.3990912343794135e+29,
 "eta_phase2": 0.022496521102188288,
 "PASS": true
}