{
 "spearman_d_vs_freq": {
  "corr": 0.876463125469813,
  "p": 1.0444218669136052e-36
 },
 "mean_abs_w_rare": {
  "adamw": 3.4701968906762413,
  "adaml2": 0.06966441650559721
 },
 "mean_abs_w_freq": {
  "adamw": 0.8756342045953516,
  "adaml2": 0.1900050636414346
 }
}